userId ,productId,transactionId,purchaseDate,attribute:currency,quantity,attribute:shipStatus,attribute:quantityReturned,price
046411a0ec6d5e9211c5c1db,G0000166,5005,2023-03-13T19:00:41Z,GBP,3,processing,0,29.0
786411a0ec6d5e9211c5c1dc,G0000009,5006,2023-02-18T16:50:03Z,GBP,4,processing,0,50.0
b26411a0ec6d5e9211c5c1dd,G0000435,5007,2023-01-25T09:22:29Z,GBP,7,delivered,0,50.0
2e6411a0ec6d5e9211c5c1dc,G0000001,5008,2023-03-09T11:50:58Z,GBP,2,processing,0,50.0
916411a0ec6d5e9211c5c1db,G0000131,5009,2023-02-26T18:37:35Z,GBP,6,shipped,0,9.49
bd6411a0eb6d5e9211c5c1da,G0000009,5010,2023-03-10T03:28:05Z,GBP,7,delivered,0,50.0
476411a0ec6d5e9211c5c1dd,G0000882,5011,2023-01-17T04:14:50Z,GBP,2,delivered,0,39.0
0a6411a0ec6d5e9211c5c1de,G0000166,5012,2023-02-07T00:28:13Z,GBP,2,processing,0,29.0
b86411a0ec6d5e9211c5c1dd,G0000001,5013,2023-01-23T11:24:09Z,GBP,4,processing,0,50.0
af6411a0eb6d5e9211c5c1da,G0000166,5014,2023-02-14T19:08:19Z,GBP,1,shipped,0,29.0
0d6411a0ec6d5e9211c5c1de,G0000478,5015,2023-01-22T23:20:51Z,GBP,5,processing,0,50.0
8e6411a0ec6d5e9211c5c1db,G0000882,5016,2023-02-27T13:58:19Z,GBP,4,delivered,0,39.0
e46411a0ec6d5e9211c5c1dd,G0000001,5017,2023-02-05T03:54:46Z,GBP,6,shipped,0,50.0
d96411a0ec6d5e9211c5c1dc,G0000478,5018,2023-02-20T09:46:41Z,GBP,6,processing,0,50.0
c86411a0ec6d5e9211c5c1db,G0000435,5019,2023-03-01T01:26:14Z,GBP,1,shipped,0,50.0
016411a0ec6d5e9211c5c1de,VEEBAlaunchbundleUK,5020,2023-02-19T20:48:22Z,GBP,6,shipped,0,27.0
056411a0ec6d5e9211c5c1dc,G0000898,5021,2023-01-27T14:01:54Z,GBP,6,delivered,0,29.0
826411a0ec6d5e9211c5c1db,G0000005,5022,2023-03-07T03:41:13Z,GBP,3,shipped,0,50.0
5f6411a0ec6d5e9211c5c1dc,G0000131,5023,2023-02-21T20:53:33Z,GBP,4,delivered,0,9.49
3b6411a0ec6d5e9211c5c1db,G0000450,5024,2023-02-05T20:02:33Z,GBP,7,processing,0,50.0
c76411a0eb6d5e9211c5c1da,VEEBAlaunchbundleUK,5025,2023-01-05T06:08:44Z,GBP,1,shipped,0,27.0
3a6411a0ec6d5e9211c5c1dc,G0000453,5026,2023-02-19T00:34:13Z,GBP,4,delivered,0,50.0
876411a0ec6d5e9211c5c1db,G0000435,5027,2023-01-26T12:42:52Z,GBP,5,shipped,0,50.0
e36411a0ec6d5e9211c5c1dd,G0000166,5028,2023-02-22T02:42:08Z,GBP,1,delivered,0,29.0
c86411a0ec6d5e9211c5c1dd,G0000546,5029,2023-02-09T05:37:16Z,GBP,4,delivered,0,7.0
bf6411a0ec6d5e9211c5c1dc,G0000890,5030,2023-02-16T01:21:24Z,GBP,4,delivered,0,25.0
3c6411a0ec6d5e9211c5c1dc,VEEBAlaunchbundleUK,5031,2023-02-25T21:59:54Z,GBP,2,shipped,0,27.0
8b6411a0ec6d5e9211c5c1dd,VEEBAlaunchbundleUK,5032,2023-02-13T10:38:54Z,GBP,1,delivered,0,27.0
586411a0ec6d5e9211c5c1db,G0000001,5033,2023-01-22T14:14:31Z,GBP,2,shipped,0,50.0
d46411a0ec6d5e9211c5c1dc,G0000051,5034,2023-01-06T00:06:14Z,GBP,6,processing,0,15.0
7b6411a0eb6d5e9211c5c1da,G0000005,5035,2023-01-13T18:58:28Z,GBP,2,processing,0,50.0
316411a0ec6d5e9211c5c1de,G0000478,5036,2023-01-13T23:34:44Z,GBP,2,delivered,0,50.0
936411a0eb6d5e9211c5c1da,G0000546,5037,2023-01-16T04:09:05Z,GBP,6,processing,0,7.0
066411a0ec6d5e9211c5c1de,G0000453,5038,2023-03-10T10:21:05Z,GBP,4,processing,0,50.0
c36411a0eb6d5e9211c5c1da,G0000898,5039,2023-03-11T17:49:21Z,GBP,6,processing,0,29.0
046411a0ec6d5e9211c5c1dc,G0000882,5040,2023-03-01T06:39:26Z,GBP,3,delivered,0,39.0
2d6411a0ec6d5e9211c5c1dd,G0000001,5041,2023-03-12T12:08:38Z,GBP,3,shipped,0,50.0
db6411a0eb6d5e9211c5c1da,G0000005,5042,2023-03-14T10:59:38Z,GBP,4,processing,0,50.0
0c6411a0ec6d5e9211c5c1de,G0000890,5043,2023-01-24T17:19:55Z,GBP,1,shipped,0,25.0
7d6411a0eb6d5e9211c5c1da,G0000007,5044,2023-03-11T11:02:00Z,GBP,4,shipped,0,50.0
266411a0ec6d5e9211c5c1dc,G0000007,5045,2023-02-20T17:46:46Z,GBP,3,shipped,0,50.0
606411a0ec6d5e9211c5c1dc,G0000546,5046,2023-01-17T22:11:41Z,GBP,3,shipped,0,7.0
526411a0ec6d5e9211c5c1dc,G0000163,5047,2023-01-31T18:32:30Z,GBP,1,delivered,0,4.0
406411a0ec6d5e9211c5c1dd,G0000435,5048,2023-02-04T06:36:56Z,GBP,3,processing,0,50.0
2d6411a0ec6d5e9211c5c1dc,G0000898,5049,2023-03-05T12:59:34Z,GBP,2,shipped,0,29.0
046411a0ec6d5e9211c5c1dd,G0000434,5050,2023-01-23T19:34:59Z,GBP,2,delivered,0,50.0
bf6411a0ec6d5e9211c5c1dd,G0000001,5051,2023-02-06T22:15:58Z,GBP,4,processing,0,50.0
666411a0ec6d5e9211c5c1db,G0000434,5052,2023-01-11T07:45:03Z,GBP,3,delivered,0,50.0
206411a0ec6d5e9211c5c1dc,G0000309,5053,2023-02-22T21:05:07Z,GBP,1,processing,0,50.0
b86411a0ec6d5e9211c5c1dd,G0000453,5054,2023-01-09T06:30:31Z,GBP,5,processing,0,50.0
126411a0ec6d5e9211c5c1dd,G0000546,5055,2023-03-08T03:41:57Z,GBP,6,shipped,0,7.0
9e6411a0eb6d5e9211c5c1da,G0000478,5056,2023-01-03T00:18:21Z,GBP,5,shipped,0,50.0
536411a0ec6d5e9211c5c1dc,G0000009,5057,2023-03-13T23:08:42Z,GBP,5,processing,0,50.0
066411a0ec6d5e9211c5c1dc,G0000166,5058,2023-03-05T07:46:22Z,GBP,5,delivered,0,29.0
126411a0ec6d5e9211c5c1dc,G0000882,5059,2023-02-05T00:37:51Z,GBP,6,shipped,0,39.0
756411a0ec6d5e9211c5c1dd,G0000163,5060,2023-02-04T07:05:30Z,GBP,3,shipped,0,4.0
d36411a0ec6d5e9211c5c1db,G0000435,5061,2023-03-11T14:40:53Z,GBP,1,delivered,0,50.0
136411a0ec6d5e9211c5c1dc,G0000005,5062,2023-01-30T13:06:52Z,GBP,1,delivered,0,50.0
fb6411a0ec6d5e9211c5c1da,G0000434,5063,2023-01-07T07:10:29Z,GBP,7,delivered,0,50.0
446411a0ec6d5e9211c5c1de,G0000009,5064,2023-02-06T05:45:24Z,GBP,7,shipped,0,50.0
186411a0ec6d5e9211c5c1de,G0000478,5065,2023-01-31T15:03:54Z,GBP,1,processing,0,50.0
2b6411a0ec6d5e9211c5c1de,G0000450,5066,2023-01-14T08:52:42Z,GBP,5,shipped,0,50.0
2a6411a0ec6d5e9211c5c1dd,G0000434,5067,2023-01-10T23:12:53Z,GBP,1,shipped,0,50.0
6f6411a0ec6d5e9211c5c1dc,G0000450,5068,2023-02-06T11:40:39Z,GBP,2,shipped,0,50.0
716411a0ec6d5e9211c5c1dd,G0000051,5069,2023-02-20T08:37:33Z,GBP,1,delivered,0,15.0
a96411a0ec6d5e9211c5c1dd,G0000898,5070,2023-03-05T06:26:50Z,GBP,5,delivered,0,29.0
2d6411a0ec6d5e9211c5c1dc,G0000434,5071,2023-01-31T17:39:01Z,GBP,1,processing,0,50.0
4b6411a0ec6d5e9211c5c1de,G0000435,5072,2023-02-21T18:29:28Z,GBP,2,shipped,0,50.0
166411a0ec6d5e9211c5c1db,G0000166,5073,2023-02-04T23:32:09Z,GBP,5,delivered,0,29.0
2d6411a0ec6d5e9211c5c1dc,G0000546,5074,2023-01-23T18:38:06Z,GBP,1,processing,0,7.0
bb6411a0ec6d5e9211c5c1dd,G0000434,5075,2023-01-24T20:33:36Z,GBP,7,shipped,0,50.0
496411a0ec6d5e9211c5c1dd,G0000478,5076,2023-01-20T13:06:04Z,GBP,7,processing,0,50.0
416411a0ec6d5e9211c5c1de,G0000450,5077,2023-01-31T08:26:31Z,GBP,3,processing,0,50.0
c86411a0ec6d5e9211c5c1dc,G0000450,5078,2023-03-08T07:49:36Z,GBP,3,shipped,0,50.0
1e6411a0ec6d5e9211c5c1db,G0000546,5079,2023-02-14T02:43:30Z,GBP,4,shipped,0,7.0
1c6411a0ec6d5e9211c5c1de,G0000882,5080,2023-01-14T22:14:36Z,GBP,1,shipped,0,39.0
f66411a0ec6d5e9211c5c1dd,G0000434,5081,2023-01-01T18:01:17Z,GBP,6,delivered,0,50.0
bf6411a0ec6d5e9211c5c1dd,G0000898,5082,2023-01-15T00:13:54Z,GBP,4,shipped,0,29.0
ab6411a0ec6d5e9211c5c1db,G0000001,5083,2023-03-08T03:08:58Z,GBP,7,delivered,0,50.0
4e6411a0ec6d5e9211c5c1de,G0000546,5084,2023-02-25T23:11:44Z,GBP,5,delivered,0,7.0
ef6411a0ec6d5e9211c5c1dc,G0000450,5085,2023-01-14T09:14:04Z,GBP,3,processing,0,50.0
416411a0ec6d5e9211c5c1dd,G0000005,5086,2023-01-05T11:10:57Z,GBP,6,processing,0,50.0
8b6411a0ec6d5e9211c5c1dd,G0000009,5087,2023-01-24T12:59:24Z,GBP,5,delivered,0,50.0
926411a0eb6d5e9211c5c1da,G0000453,5088,2023-02-16T20:04:05Z,GBP,4,delivered,0,50.0
b66411a0ec6d5e9211c5c1dd,G0000005,5089,2023-02-24T18:48:24Z,GBP,5,shipped,0,50.0
da6411a0eb6d5e9211c5c1da,G0000898,5090,2023-02-15T07:58:20Z,GBP,6,delivered,0,29.0
2b6411a0ec6d5e9211c5c1de,G0000005,5091,2023-02-11T10:36:26Z,GBP,2,processing,0,50.0
9b6411a0eb6d5e9211c5c1da,G0000005,5092,2023-02-12T01:06:53Z,GBP,5,processing,0,50.0
e96411a0ec6d5e9211c5c1dc,G0000546,5093,2023-03-04T04:26:54Z,GBP,4,delivered,0,7.0
506411a0ec6d5e9211c5c1dd,G0000131,5094,2023-03-02T18:54:56Z,GBP,5,processing,0,9.49
186411a0ec6d5e9211c5c1de,G0000309,5095,2023-01-29T19:25:41Z,GBP,7,delivered,0,50.0
7d6411a0ec6d5e9211c5c1dd,G0000882,5096,2023-03-05T18:19:39Z,GBP,5,delivered,0,39.0
116411a0ec6d5e9211c5c1dc,G0000131,5097,2023-03-14T06:57:04Z,GBP,2,shipped,0,9.49
266411a0ec6d5e9211c5c1dc,G0000309,5098,2023-02-11T11:50:44Z,GBP,1,shipped,0,50.0
726411a0ec6d5e9211c5c1db,G0000131,5099,2023-02-11T19:41:31Z,GBP,2,shipped,0,9.49
c06411a0ec6d5e9211c5c1dc,G0000007,5100,2023-01-06T03:58:27Z,GBP,2,processing,0,50.0
3b6411a0ec6d5e9211c5c1dd,G0000882,5101,2023-03-10T14:30:47Z,GBP,1,processing,0,39.0
fe6411a0ec6d5e9211c5c1dd,G0000898,5102,2023-02-08T02:47:27Z,GBP,6,processing,0,29.0
bc6411a0eb6d5e9211c5c1da,G0000309,5103,2023-01-30T03:49:36Z,GBP,5,shipped,0,50.0
2b6411a0ec6d5e9211c5c1dc,G0000001,5104,2023-01-22T01:44:44Z,GBP,6,processing,0,50.0
406411a0ec6d5e9211c5c1db,G0000051,5105,2023-03-06T13:40:32Z,GBP,4,delivered,0,15.0
256411a0ec6d5e9211c5c1dd,G0000131,5106,2023-01-08T05:58:43Z,GBP,3,shipped,0,9.49
e46411a0ec6d5e9211c5c1db,G0000309,5107,2023-01-13T16:51:56Z,GBP,5,delivered,0,50.0
286411a0ec6d5e9211c5c1dc,G0000882,5108,2023-01-22T00:13:49Z,GBP,3,processing,0,39.0
236411a0ec6d5e9211c5c1db,G0000434,5109,2023-02-15T20:45:41Z,GBP,3,delivered,0,50.0
b16411a0eb6d5e9211c5c1da,G0000434,5110,2023-01-22T15:02:33Z,GBP,4,delivered,0,50.0
526411a0ec6d5e9211c5c1db,G0000005,5111,2023-02-26T00:57:34Z,GBP,4,processing,0,50.0
3a6411a0ec6d5e9211c5c1dc,G0000166,5112,2023-01-27T17:20:46Z,GBP,1,shipped,0,29.0
866411a0ec6d5e9211c5c1dc,G0000546,5113,2023-02-25T01:58:18Z,GBP,2,processing,0,7.0
e86411a0ec6d5e9211c5c1dc,G0000007,5114,2023-03-04T11:53:09Z,GBP,6,processing,0,50.0
276411a0ec6d5e9211c5c1dd,G0000309,5115,2023-01-05T20:01:18Z,GBP,4,shipped,0,50.0
986411a0ec6d5e9211c5c1dc,G0000166,5116,2023-01-27T05:32:04Z,GBP,6,delivered,0,29.0
786411a0ec6d5e9211c5c1db,VEEBAlaunchbundleUK,5117,2023-03-03T08:56:15Z,GBP,2,delivered,0,27.0
516411a0ec6d5e9211c5c1db,G0000166,5118,2023-02-13T11:21:23Z,GBP,7,delivered,0,29.0
736411a0ec6d5e9211c5c1dc,G0000001,5119,2023-02-04T21:10:53Z,GBP,3,processing,0,50.0
496411a0ec6d5e9211c5c1dc,G0000001,5120,2023-01-13T17:23:48Z,GBP,5,processing,0,50.0
e06411a0ec6d5e9211c5c1dc,G0000478,5121,2023-02-27T13:17:03Z,GBP,6,delivered,0,50.0
006411a0ec6d5e9211c5c1dd,G0000435,5122,2023-01-09T15:00:11Z,GBP,6,shipped,0,50.0
9c6411a0ec6d5e9211c5c1dd,G0000890,5123,2023-01-21T16:01:33Z,GBP,1,processing,0,25.0
996411a0eb6d5e9211c5c1da,G0000890,5124,2023-01-25T12:10:13Z,GBP,6,delivered,0,25.0
d56411a0ec6d5e9211c5c1dd,G0000434,5125,2023-01-21T21:59:15Z,GBP,6,processing,0,50.0
876411a0ec6d5e9211c5c1db,G0000453,5126,2023-02-26T21:21:08Z,GBP,3,shipped,0,50.0
126411a0ec6d5e9211c5c1dd,G0000898,5127,2023-01-16T19:00:06Z,GBP,3,delivered,0,29.0
376411a0ec6d5e9211c5c1db,G0000131,5128,2023-02-26T05:09:10Z,GBP,3,processing,0,9.49
c06411a0ec6d5e9211c5c1dc,VEEBAlaunchbundleUK,5129,2023-01-10T02:53:23Z,GBP,6,processing,0,27.0
096411a0ec6d5e9211c5c1de,G0000434,5130,2023-01-02T07:07:59Z,GBP,1,shipped,0,50.0
3b6411a0ec6d5e9211c5c1db,G0000898,5131,2023-02-24T23:53:38Z,GBP,3,delivered,0,29.0
326411a0ec6d5e9211c5c1dd,G0000450,5132,2023-01-25T05:24:44Z,GBP,5,delivered,0,50.0
226411a0ec6d5e9211c5c1dd,G0000478,5133,2023-01-17T00:12:48Z,GBP,6,shipped,0,50.0
4c6411a0ec6d5e9211c5c1de,G0000051,5134,2023-02-16T19:12:58Z,GBP,6,processing,0,15.0
cd6411a0ec6d5e9211c5c1db,G0000434,5135,2023-02-15T15:20:52Z,GBP,5,processing,0,50.0
d46411a0ec6d5e9211c5c1dd,G0000546,5136,2023-02-02T01:24:33Z,GBP,6,processing,0,7.0
6d6411a0ec6d5e9211c5c1dd,G0000450,5137,2023-02-09T15:33:20Z,GBP,5,shipped,0,50.0
fc6411a0ec6d5e9211c5c1da,G0000453,5138,2023-01-28T16:37:10Z,GBP,6,shipped,0,50.0
6e6411a0ec6d5e9211c5c1dc,G0000005,5139,2023-01-26T17:07:10Z,GBP,3,delivered,0,50.0
af6411a0ec6d5e9211c5c1dd,G0000546,5140,2023-02-20T03:21:28Z,GBP,7,delivered,0,7.0
386411a0ec6d5e9211c5c1db,G0000453,5141,2023-01-31T18:09:33Z,GBP,2,delivered,0,50.0
d46411a0ec6d5e9211c5c1dd,G0000001,5142,2023-03-05T14:02:23Z,GBP,7,delivered,0,50.0
cc6411a0ec6d5e9211c5c1dc,G0000009,5143,2023-02-27T15:48:07Z,GBP,4,shipped,0,50.0
e16411a0ec6d5e9211c5c1dd,G0000007,5144,2023-01-08T09:49:32Z,GBP,7,shipped,0,50.0
4e6411a0ec6d5e9211c5c1dc,G0000434,5145,2023-02-14T12:58:55Z,GBP,5,delivered,0,50.0
846411a0ec6d5e9211c5c1dc,VEEBAlaunchbundleUK,5146,2023-01-05T17:20:42Z,GBP,2,delivered,0,27.0
9d6411a0ec6d5e9211c5c1dc,G0000166,5147,2023-02-11T04:42:57Z,GBP,5,delivered,0,29.0
b96411a0ec6d5e9211c5c1db,G0000890,5148,2023-02-23T13:38:27Z,GBP,3,processing,0,25.0
966411a0eb6d5e9211c5c1da,G0000478,5149,2023-01-14T15:49:09Z,GBP,6,delivered,0,50.0
a36411a0ec6d5e9211c5c1dd,G0000882,5150,2022-12-31T15:05:51Z,GBP,4,processing,0,39.0
046411a0ec6d5e9211c5c1dc,G0000009,5151,2023-01-28T18:08:30Z,GBP,6,shipped,0,50.0
b56411a0ec6d5e9211c5c1db,G0000435,5152,2023-01-07T05:23:24Z,GBP,1,delivered,0,50.0
556411a0ec6d5e9211c5c1dd,G0000309,5153,2023-02-17T21:03:34Z,GBP,4,processing,0,50.0
116411a0ec6d5e9211c5c1de,VEEBAlaunchbundleUK,5154,2023-01-04T23:43:28Z,GBP,6,delivered,0,27.0
216411a0ec6d5e9211c5c1db,G0000890,5155,2023-01-10T20:46:24Z,GBP,6,shipped,0,25.0
3a6411a0ec6d5e9211c5c1de,G0000309,5156,2023-03-13T11:57:54Z,GBP,6,processing,0,50.0
6e6411a0ec6d5e9211c5c1dc,G0000882,5157,2023-01-03T09:43:59Z,GBP,6,delivered,0,39.0
236411a0ec6d5e9211c5c1db,G0000478,5158,2023-03-05T07:04:05Z,GBP,4,shipped,0,50.0
d96411a0eb6d5e9211c5c1da,G0000546,5159,2023-02-28T16:15:03Z,GBP,4,processing,0,7.0
506411a0ec6d5e9211c5c1dc,G0000882,5160,2023-01-28T11:36:02Z,GBP,7,delivered,0,39.0
bc6411a0ec6d5e9211c5c1db,G0000001,5161,2023-03-01T05:24:38Z,GBP,6,shipped,0,50.0
7c6411a0eb6d5e9211c5c1da,G0000007,5162,2023-03-03T12:10:55Z,GBP,3,processing,0,50.0
b36411a0ec6d5e9211c5c1dc,G0000001,5163,2023-03-06T01:27:18Z,GBP,5,shipped,0,50.0
6c6411a0ec6d5e9211c5c1db,G0000009,5164,2023-02-09T17:16:48Z,GBP,1,shipped,0,50.0
1e6411a0ec6d5e9211c5c1dd,G0000163,5165,2023-01-31T19:13:05Z,GBP,2,shipped,0,4.0
076411a0ec6d5e9211c5c1de,G0000309,5166,2023-01-09T01:30:20Z,GBP,7,delivered,0,50.0
3b6411a0ec6d5e9211c5c1de,G0000163,5167,2023-02-23T02:41:34Z,GBP,7,delivered,0,4.0
0b6411a0ec6d5e9211c5c1de,G0000163,5168,2023-02-09T20:04:12Z,GBP,3,delivered,0,4.0
516411a0ec6d5e9211c5c1dc,G0000453,5169,2023-01-06T15:36:44Z,GBP,1,delivered,0,50.0
266411a0ec6d5e9211c5c1de,G0000453,5170,2023-02-07T06:29:51Z,GBP,3,processing,0,50.0
2b6411a0ec6d5e9211c5c1dc,G0000435,5171,2023-01-29T07:45:29Z,GBP,1,shipped,0,50.0
a16411a0ec6d5e9211c5c1dd,G0000478,5172,2023-01-10T16:49:17Z,GBP,1,shipped,0,50.0
146411a0ec6d5e9211c5c1dc,G0000163,5173,2023-03-07T09:05:12Z,GBP,5,delivered,0,4.0
e86411a0eb6d5e9211c5c1da,G0000166,5174,2023-01-19T14:01:09Z,GBP,2,processing,0,29.0
bf6411a0ec6d5e9211c5c1dc,G0000434,5175,2023-01-09T11:40:33Z,GBP,1,processing,0,50.0
f66411a0ec6d5e9211c5c1dd,G0000166,5176,2023-03-13T01:01:49Z,GBP,6,delivered,0,29.0
766411a0ec6d5e9211c5c1dc,VEEBAlaunchbundleUK,5177,2023-02-07T19:07:28Z,GBP,6,delivered,0,27.0
b16411a0eb6d5e9211c5c1da,G0000163,5178,2023-01-12T19:32:37Z,GBP,5,processing,0,4.0
426411a0ec6d5e9211c5c1dc,VEEBAlaunchbundleUK,5179,2023-02-15T11:56:48Z,GBP,7,delivered,0,27.0
ca6411a0eb6d5e9211c5c1da,G0000898,5180,2023-03-07T23:32:50Z,GBP,3,delivered,0,29.0
556411a0ec6d5e9211c5c1de,G0000005,5181,2023-01-25T11:22:34Z,GBP,5,processing,0,50.0
506411a0ec6d5e9211c5c1dd,G0000166,5182,2023-02-12T10:58:16Z,GBP,7,processing,0,29.0
f56411a0eb6d5e9211c5c1da,G0000009,5183,2023-03-13T08:22:18Z,GBP,3,processing,0,50.0
1e6411a0ec6d5e9211c5c1dd,G0000450,5184,2023-01-02T18:55:23Z,GBP,2,shipped,0,50.0
a96411a0ec6d5e9211c5c1db,G0000009,5185,2023-03-10T17:11:21Z,GBP,4,shipped,0,50.0
d26411a0ec6d5e9211c5c1db,G0000882,5186,2023-01-25T20:24:32Z,GBP,1,delivered,0,39.0
0b6411a0ec6d5e9211c5c1dd,G0000435,5187,2023-02-23T14:58:04Z,GBP,1,shipped,0,50.0
156411a0ec6d5e9211c5c1dc,G0000453,5188,2023-01-20T18:49:14Z,GBP,1,processing,0,50.0
b96411a0ec6d5e9211c5c1dd,G0000435,5189,2023-01-24T05:56:04Z,GBP,7,shipped,0,50.0
576411a0ec6d5e9211c5c1db,G0000001,5190,2023-02-04T12:01:40Z,GBP,6,processing,0,50.0
5e6411a0ec6d5e9211c5c1dc,G0000309,5191,2023-02-22T11:33:50Z,GBP,3,delivered,0,50.0
8b6411a0eb6d5e9211c5c1da,G0000163,5192,2023-01-17T19:13:21Z,GBP,3,shipped,0,4.0
f36411a0ec6d5e9211c5c1db,G0000450,5193,2023-02-02T17:50:43Z,GBP,1,shipped,0,50.0
566411a0ec6d5e9211c5c1db,G0000434,5194,2023-02-03T15:47:20Z,GBP,5,processing,0,50.0
456411a0ec6d5e9211c5c1de,G0000453,5195,2023-02-15T09:53:07Z,GBP,1,delivered,0,50.0
bc6411a0ec6d5e9211c5c1db,G0000435,5196,2023-01-16T13:28:10Z,GBP,1,shipped,0,50.0
a56411a0ec6d5e9211c5c1db,G0000890,5197,2023-01-14T16:24:52Z,GBP,5,shipped,0,25.0
436411a0ec6d5e9211c5c1dc,G0000309,5198,2023-01-20T08:19:14Z,GBP,6,shipped,0,50.0
e66411a0eb6d5e9211c5c1da,G0000051,5199,2023-02-07T11:09:11Z,GBP,7,delivered,0,15.0
066411a0ec6d5e9211c5c1dc,VEEBAlaunchbundleUK,5200,2023-02-04T14:41:48Z,GBP,7,delivered,0,27.0
0e6411a0ec6d5e9211c5c1dd,G0000453,5201,2023-02-17T09:34:06Z,GBP,6,shipped,0,50.0
e66411a0ec6d5e9211c5c1dd,G0000131,5202,2023-02-26T03:42:33Z,GBP,2,delivered,0,9.49
d16411a0ec6d5e9211c5c1db,G0000001,5203,2023-01-13T03:52:06Z,GBP,2,processing,0,50.0
056411a0ec6d5e9211c5c1dc,G0000890,5204,2023-03-14T10:27:31Z,GBP,4,delivered,0,25.0
0d6411a0ec6d5e9211c5c1dd,G0000478,5205,2023-01-30T23:28:46Z,GBP,3,shipped,0,50.0
df6411a0ec6d5e9211c5c1db,VEEBAlaunchbundleUK,5206,2023-03-01T06:41:53Z,GBP,7,processing,0,27.0
d16411a0ec6d5e9211c5c1dc,G0000007,5207,2023-02-17T03:21:24Z,GBP,3,delivered,0,50.0
c26411a0ec6d5e9211c5c1dc,G0000131,5208,2023-02-11T14:35:14Z,GBP,5,delivered,0,9.49
8b6411a0ec6d5e9211c5c1dc,G0000435,5209,2023-02-18T15:09:40Z,GBP,7,delivered,0,50.0
5b6411a0ec6d5e9211c5c1dc,G0000434,5210,2023-02-26T13:57:07Z,GBP,7,shipped,0,50.0
846411a0ec6d5e9211c5c1dd,G0000890,5211,2023-01-16T06:39:34Z,GBP,5,shipped,0,25.0
396411a0ec6d5e9211c5c1dd,G0000007,5212,2023-01-22T15:33:02Z,GBP,1,processing,0,50.0
da6411a0ec6d5e9211c5c1dc,G0000890,5213,2023-02-11T11:31:23Z,GBP,5,processing,0,25.0
956411a0ec6d5e9211c5c1dc,G0000007,5214,2023-02-24T03:18:05Z,GBP,4,delivered,0,50.0
7e6411a0eb6d5e9211c5c1da,G0000453,5215,2023-01-19T19:33:40Z,GBP,2,delivered,0,50.0
0d6411a0ec6d5e9211c5c1dc,G0000007,5216,2023-01-19T16:48:51Z,GBP,7,delivered,0,50.0
086411a0ec6d5e9211c5c1dc,G0000005,5217,2022-12-31T09:02:31Z,GBP,4,processing,0,50.0
3c6411a0ec6d5e9211c5c1de,G0000434,5218,2023-02-12T10:15:37Z,GBP,6,delivered,0,50.0
956411a0ec6d5e9211c5c1db,G0000009,5219,2023-01-03T06:07:41Z,GBP,2,processing,0,50.0
4b6411a0ec6d5e9211c5c1dd,G0000131,5220,2023-01-09T01:47:18Z,GBP,7,delivered,0,9.49
a56411a0ec6d5e9211c5c1dd,G0000434,5221,2023-03-13T13:48:50Z,GBP,1,shipped,0,50.0
086411a0ec6d5e9211c5c1de,G0000882,5222,2023-02-04T12:55:27Z,GBP,5,delivered,0,39.0
a36411a0ec6d5e9211c5c1db,G0000001,5223,2023-02-04T03:53:40Z,GBP,1,shipped,0,50.0
a06411a0eb6d5e9211c5c1da,VEEBAlaunchbundleUK,5224,2023-01-30T23:30:30Z,GBP,3,shipped,0,27.0
a96411a0eb6d5e9211c5c1da,G0000051,5225,2023-01-23T18:56:28Z,GBP,6,delivered,0,15.0
866411a0ec6d5e9211c5c1dc,G0000898,5226,2023-01-05T03:46:07Z,GBP,7,processing,0,29.0
8b6411a0eb6d5e9211c5c1da,G0000309,5227,2023-01-15T01:53:18Z,GBP,6,processing,0,50.0
7f6411a0ec6d5e9211c5c1dc,G0000435,5228,2023-01-17T17:25:28Z,GBP,6,delivered,0,50.0
f86411a0ec6d5e9211c5c1db,G0000166,5229,2023-01-05T00:05:47Z,GBP,3,delivered,0,29.0
fe6411a0ec6d5e9211c5c1db,G0000435,5230,2023-02-11T19:02:35Z,GBP,1,shipped,0,50.0
3c6411a0ec6d5e9211c5c1dc,G0000005,5231,2023-03-03T05:55:55Z,GBP,7,shipped,0,50.0
eb6411a0ec6d5e9211c5c1dc,G0000131,5232,2023-03-07T14:31:11Z,GBP,4,shipped,0,9.49
766411a0eb6d5e9211c5c1da,G0000435,5233,2023-02-28T23:09:48Z,GBP,5,processing,0,50.0
d76411a0ec6d5e9211c5c1dd,G0000435,5234,2023-02-25T03:49:02Z,GBP,2,processing,0,50.0
176411a0ec6d5e9211c5c1de,G0000882,5235,2023-03-02T00:37:37Z,GBP,4,shipped,0,39.0
e06411a0ec6d5e9211c5c1dc,G0000435,5236,2023-02-21T20:19:00Z,GBP,5,shipped,0,50.0
ca6411a0ec6d5e9211c5c1dd,G0000890,5237,2023-03-07T14:28:52Z,GBP,2,processing,0,25.0
a76411a0ec6d5e9211c5c1db,G0000890,5238,2023-03-06T17:48:51Z,GBP,2,shipped,0,25.0
4a6411a0ec6d5e9211c5c1db,G0000009,5239,2023-02-03T14:33:31Z,GBP,3,processing,0,50.0
e86411a0ec6d5e9211c5c1dc,G0000882,5240,2023-02-05T06:46:43Z,GBP,6,shipped,0,39.0
536411a0ec6d5e9211c5c1de,G0000450,5241,2023-01-17T04:36:16Z,GBP,2,shipped,0,50.0
e46411a0ec6d5e9211c5c1dd,G0000898,5242,2023-02-17T10:41:55Z,GBP,2,shipped,0,29.0
a66411a0ec6d5e9211c5c1db,VEEBAlaunchbundleUK,5243,2023-03-14T09:46:22Z,GBP,5,shipped,0,27.0
2f6411a0ec6d5e9211c5c1dc,G0000131,5244,2023-01-19T17:40:05Z,GBP,1,processing,0,9.49
9b6411a0ec6d5e9211c5c1db,G0000001,5245,2023-02-11T16:22:50Z,GBP,6,processing,0,50.0
d46411a0ec6d5e9211c5c1db,G0000051,5246,2023-02-13T03:39:17Z,GBP,1,shipped,0,15.0
c66411a0ec6d5e9211c5c1dd,G0000435,5247,2023-01-21T09:10:19Z,GBP,5,shipped,0,50.0
806411a0eb6d5e9211c5c1da,G0000163,5248,2023-01-25T23:59:22Z,GBP,3,shipped,0,4.0
7d6411a0eb6d5e9211c5c1da,G0000453,5249,2023-02-27T03:44:55Z,GBP,4,processing,0,50.0
7e6411a0ec6d5e9211c5c1dd,G0000005,5250,2023-02-07T00:58:07Z,GBP,4,delivered,0,50.0
0f6411a0ec6d5e9211c5c1de,G0000453,5251,2023-01-18T11:07:24Z,GBP,4,delivered,0,50.0
cd6411a0eb6d5e9211c5c1da,VEEBAlaunchbundleUK,5252,2023-01-28T10:18:55Z,GBP,2,processing,0,27.0
456411a0ec6d5e9211c5c1db,G0000005,5253,2023-02-26T02:50:51Z,GBP,3,processing,0,50.0
0a6411a0ec6d5e9211c5c1de,G0000051,5254,2023-01-17T10:48:14Z,GBP,3,shipped,0,15.0
386411a0ec6d5e9211c5c1de,G0000546,5255,2023-01-12T20:15:34Z,GBP,5,delivered,0,7.0
696411a0ec6d5e9211c5c1dd,G0000546,5256,2023-01-08T19:02:51Z,GBP,4,processing,0,7.0
3b6411a0ec6d5e9211c5c1dd,G0000001,5257,2023-02-20T01:51:30Z,GBP,2,delivered,0,50.0
b96411a0ec6d5e9211c5c1db,G0000450,5258,2023-02-10T09:19:27Z,GBP,1,delivered,0,50.0
9f6411a0ec6d5e9211c5c1dd,G0000453,5259,2023-02-24T15:29:41Z,GBP,2,delivered,0,50.0
eb6411a0ec6d5e9211c5c1db,G0000453,5260,2023-02-15T12:30:05Z,GBP,4,shipped,0,50.0
9a6411a0ec6d5e9211c5c1db,G0000163,5261,2023-01-11T06:38:57Z,GBP,2,delivered,0,4.0
5d6411a0ec6d5e9211c5c1dd,G0000009,5262,2023-02-28T00:30:23Z,GBP,3,shipped,0,50.0
5d6411a0ec6d5e9211c5c1db,G0000453,5263,2023-02-15T19:32:15Z,GBP,4,processing,0,50.0
8e6411a0ec6d5e9211c5c1db,G0000890,5264,2023-02-07T07:05:15Z,GBP,2,delivered,0,25.0
a16411a0ec6d5e9211c5c1db,G0000001,5265,2023-01-31T21:19:50Z,GBP,2,shipped,0,50.0
b56411a0ec6d5e9211c5c1dd,G0000450,5266,2023-01-17T20:08:21Z,GBP,2,processing,0,50.0
fc6411a0ec6d5e9211c5c1dc,G0000450,5267,2023-01-18T09:36:49Z,GBP,5,shipped,0,50.0
3a6411a0ec6d5e9211c5c1db,G0000001,5268,2023-03-10T09:27:28Z,GBP,6,shipped,0,50.0
f26411a0ec6d5e9211c5c1dd,G0000898,5269,2023-02-08T08:24:10Z,GBP,3,processing,0,29.0
9e6411a0eb6d5e9211c5c1da,G0000450,5270,2023-03-13T20:45:36Z,GBP,7,shipped,0,50.0
2d6411a0ec6d5e9211c5c1de,G0000009,5271,2023-03-04T19:57:07Z,GBP,3,shipped,0,50.0
b26411a0ec6d5e9211c5c1dc,G0000005,5272,2023-02-01T21:01:41Z,GBP,3,shipped,0,50.0
026411a0ec6d5e9211c5c1dd,G0000882,5273,2023-01-01T00:44:14Z,GBP,7,delivered,0,39.0
986411a0ec6d5e9211c5c1dd,G0000007,5274,2023-02-24T23:57:59Z,GBP,4,delivered,0,50.0
a06411a0ec6d5e9211c5c1dc,G0000882,5275,2023-01-01T03:22:29Z,GBP,4,processing,0,39.0
fe6411a0ec6d5e9211c5c1db,G0000882,5276,2023-01-18T13:38:18Z,GBP,7,delivered,0,39.0
a86411a0ec6d5e9211c5c1dc,G0000898,5277,2023-01-04T10:30:55Z,GBP,2,shipped,0,29.0
7e6411a0ec6d5e9211c5c1db,G0000882,5278,2023-01-01T12:14:33Z,GBP,6,processing,0,39.0
8a6411a0ec6d5e9211c5c1dc,G0000007,5279,2023-01-15T10:46:54Z,GBP,7,processing,0,50.0
326411a0ec6d5e9211c5c1dd,G0000001,5280,2023-01-24T02:40:20Z,GBP,2,shipped,0,50.0
d76411a0ec6d5e9211c5c1db,G0000166,5281,2023-01-24T07:02:42Z,GBP,6,delivered,0,29.0
826411a0ec6d5e9211c5c1dc,G0000882,5282,2023-01-19T12:30:45Z,GBP,2,delivered,0,39.0
cc6411a0ec6d5e9211c5c1db,G0000882,5283,2023-01-28T00:29:24Z,GBP,5,shipped,0,39.0
5c6411a0ec6d5e9211c5c1dc,G0000434,5284,2023-02-16T04:59:12Z,GBP,6,shipped,0,50.0
4a6411a0ec6d5e9211c5c1dd,G0000453,5285,2023-02-17T18:47:28Z,GBP,6,shipped,0,50.0
646411a0ec6d5e9211c5c1db,G0000163,5286,2023-01-07T22:06:46Z,GBP,1,delivered,0,4.0
7b6411a0ec6d5e9211c5c1dc,G0000546,5287,2023-01-14T11:12:13Z,GBP,2,processing,0,7.0
e96411a0ec6d5e9211c5c1dd,G0000478,5288,2023-03-14T21:51:17Z,GBP,1,delivered,0,50.0
336411a0ec6d5e9211c5c1db,G0000478,5289,2023-01-03T00:10:08Z,GBP,5,delivered,0,50.0
486411a0ec6d5e9211c5c1db,G0000478,5290,2023-03-06T03:48:21Z,GBP,5,delivered,0,50.0
ef6411a0ec6d5e9211c5c1dd,VEEBAlaunchbundleUK,5291,2023-01-13T22:12:47Z,GBP,1,delivered,0,27.0
396411a0ec6d5e9211c5c1de,G0000898,5292,2023-02-22T03:42:19Z,GBP,4,delivered,0,29.0
b06411a0ec6d5e9211c5c1dc,G0000009,5293,2023-01-25T21:19:53Z,GBP,4,shipped,0,50.0
bd6411a0ec6d5e9211c5c1dc,G0000051,5294,2023-03-04T15:33:14Z,GBP,6,delivered,0,15.0
466411a0ec6d5e9211c5c1db,G0000309,5295,2023-03-03T00:45:04Z,GBP,1,shipped,0,50.0
b66411a0ec6d5e9211c5c1dc,VEEBAlaunchbundleUK,5296,2023-01-11T03:03:54Z,GBP,5,delivered,0,27.0
206411a0ec6d5e9211c5c1de,G0000163,5297,2023-01-06T08:15:04Z,GBP,3,processing,0,4.0
5b6411a0ec6d5e9211c5c1db,G0000309,5298,2023-01-31T17:37:14Z,GBP,2,processing,0,50.0
9d6411a0ec6d5e9211c5c1dc,G0000131,5299,2023-02-17T14:35:06Z,GBP,1,processing,0,9.49
876411a0ec6d5e9211c5c1db,G0000309,5300,2023-02-09T21:32:00Z,GBP,3,processing,0,50.0
a06411a0ec6d5e9211c5c1dd,G0000546,5301,2023-02-13T10:31:00Z,GBP,2,delivered,0,7.0
f06411a0eb6d5e9211c5c1da,G0000882,5302,2023-02-18T21:58:42Z,GBP,1,processing,0,39.0
796411a0eb6d5e9211c5c1da,G0000009,5303,2023-01-27T20:31:51Z,GBP,2,delivered,0,50.0
786411a0ec6d5e9211c5c1dd,G0000163,5304,2023-02-12T15:59:17Z,GBP,7,processing,0,4.0
ce6411a0ec6d5e9211c5c1dc,G0000453,5305,2023-02-02T02:21:58Z,GBP,2,delivered,0,50.0
3d6411a0ec6d5e9211c5c1de,G0000163,5306,2023-02-12T13:42:26Z,GBP,2,processing,0,4.0
c86411a0ec6d5e9211c5c1db,G0000131,5307,2023-02-28T08:00:45Z,GBP,5,processing,0,9.49
046411a0ec6d5e9211c5c1db,G0000001,5308,2023-02-28T06:56:54Z,GBP,6,shipped,0,50.0
3d6411a0ec6d5e9211c5c1db,G0000051,5309,2023-02-18T05:46:29Z,GBP,3,processing,0,15.0
116411a0ec6d5e9211c5c1de,G0000131,5310,2023-02-22T14:39:47Z,GBP,1,processing,0,9.49
7f6411a0ec6d5e9211c5c1dc,G0000009,5311,2023-01-05T16:55:07Z,GBP,7,delivered,0,50.0
006411a0ec6d5e9211c5c1de,G0000450,5312,2023-03-07T07:21:48Z,GBP,7,processing,0,50.0
d96411a0ec6d5e9211c5c1db,G0000309,5313,2023-03-10T14:20:17Z,GBP,6,processing,0,50.0
d06411a0ec6d5e9211c5c1dd,G0000001,5314,2023-01-15T13:14:24Z,GBP,7,shipped,0,50.0
296411a0ec6d5e9211c5c1db,G0000890,5315,2023-03-11T01:28:44Z,GBP,4,shipped,0,25.0
be6411a0eb6d5e9211c5c1da,G0000434,5316,2023-02-09T12:01:07Z,GBP,3,delivered,0,50.0
416411a0ec6d5e9211c5c1de,G0000009,5317,2023-01-13T21:29:58Z,GBP,4,delivered,0,50.0
9c6411a0eb6d5e9211c5c1da,G0000435,5318,2023-01-12T00:49:15Z,GBP,6,shipped,0,50.0
7f6411a0eb6d5e9211c5c1da,VEEBAlaunchbundleUK,5319,2023-02-16T00:53:08Z,GBP,3,shipped,0,27.0
506411a0ec6d5e9211c5c1dd,G0000890,5320,2023-01-18T09:06:55Z,GBP,3,processing,0,25.0
a86411a0ec6d5e9211c5c1dc,G0000009,5321,2023-02-14T00:15:13Z,GBP,3,delivered,0,50.0
7f6411a0ec6d5e9211c5c1db,G0000001,5322,2023-02-16T17:55:43Z,GBP,3,shipped,0,50.0
a86411a0eb6d5e9211c5c1da,G0000882,5323,2023-02-13T00:40:38Z,GBP,4,shipped,0,39.0
1b6411a0ec6d5e9211c5c1dc,G0000001,5324,2023-01-05T15:21:24Z,GBP,4,shipped,0,50.0
e86411a0ec6d5e9211c5c1db,G0000435,5325,2023-02-08T23:13:41Z,GBP,5,processing,0,50.0
296411a0ec6d5e9211c5c1db,G0000005,5326,2023-02-26T10:45:39Z,GBP,3,shipped,0,50.0
e26411a0eb6d5e9211c5c1da,G0000478,5327,2023-02-02T15:01:56Z,GBP,4,processing,0,50.0
fd6411a0ec6d5e9211c5c1dc,G0000166,5328,2023-02-07T05:05:31Z,GBP,7,processing,0,29.0
396411a0ec6d5e9211c5c1de,G0000546,5329,2023-01-08T22:27:15Z,GBP,2,processing,0,7.0
d56411a0ec6d5e9211c5c1dc,G0000309,5330,2023-01-22T12:41:57Z,GBP,3,shipped,0,50.0
c46411a0eb6d5e9211c5c1da,G0000478,5331,2023-02-01T22:49:03Z,GBP,5,processing,0,50.0
206411a0ec6d5e9211c5c1dc,G0000450,5332,2023-02-08T21:05:35Z,GBP,4,processing,0,50.0
9e6411a0ec6d5e9211c5c1dc,G0000890,5333,2023-01-29T22:44:35Z,GBP,1,processing,0,25.0
b26411a0ec6d5e9211c5c1dd,G0000001,5334,2023-03-04T16:43:20Z,GBP,4,shipped,0,50.0
c76411a0ec6d5e9211c5c1dc,G0000882,5335,2023-02-13T05:35:52Z,GBP,7,shipped,0,39.0
8c6411a0ec6d5e9211c5c1db,G0000478,5336,2023-02-12T20:41:13Z,GBP,6,shipped,0,50.0
876411a0ec6d5e9211c5c1dc,G0000546,5337,2023-03-04T11:03:48Z,GBP,5,processing,0,7.0
8a6411a0ec6d5e9211c5c1db,G0000051,5338,2023-01-03T22:06:56Z,GBP,2,processing,0,15.0
566411a0ec6d5e9211c5c1dc,G0000546,5339,2023-02-26T05:35:48Z,GBP,3,delivered,0,7.0
c86411a0ec6d5e9211c5c1dc,G0000434,5340,2023-01-03T14:10:38Z,GBP,4,delivered,0,50.0
826411a0ec6d5e9211c5c1dc,G0000166,5341,2023-01-27T04:10:37Z,GBP,7,processing,0,29.0
296411a0ec6d5e9211c5c1de,G0000453,5342,2023-02-17T20:23:43Z,GBP,6,delivered,0,50.0
356411a0ec6d5e9211c5c1dc,G0000001,5343,2023-01-30T17:37:00Z,GBP,5,processing,0,50.0
9b6411a0ec6d5e9211c5c1dd,G0000009,5344,2023-02-13T23:56:57Z,GBP,1,shipped,0,50.0
f96411a0ec6d5e9211c5c1da,G0000478,5345,2023-03-05T09:24:02Z,GBP,3,processing,0,50.0
1f6411a0ec6d5e9211c5c1db,G0000309,5346,2023-03-07T05:09:50Z,GBP,4,shipped,0,50.0
5e6411a0ec6d5e9211c5c1dc,G0000546,5347,2023-01-06T13:02:08Z,GBP,3,processing,0,7.0
a46411a0ec6d5e9211c5c1db,G0000435,5348,2023-01-06T07:13:19Z,GBP,1,processing,0,50.0
7c6411a0ec6d5e9211c5c1db,G0000005,5349,2023-02-09T19:22:55Z,GBP,2,delivered,0,50.0
036411a0ec6d5e9211c5c1de,G0000005,5350,2023-02-05T00:24:50Z,GBP,3,delivered,0,50.0
186411a0ec6d5e9211c5c1dc,G0000001,5351,2023-01-29T19:30:38Z,GBP,3,processing,0,50.0
a46411a0eb6d5e9211c5c1da,G0000450,5352,2023-02-24T04:01:06Z,GBP,2,shipped,0,50.0
f96411a0ec6d5e9211c5c1da,G0000450,5353,2023-01-21T21:52:09Z,GBP,3,processing,0,50.0
cd6411a0ec6d5e9211c5c1db,G0000450,5354,2023-03-09T05:56:06Z,GBP,4,processing,0,50.0
646411a0ec6d5e9211c5c1dc,G0000450,5355,2023-03-11T10:41:23Z,GBP,4,shipped,0,50.0
8f6411a0ec6d5e9211c5c1dd,G0000882,5356,2023-02-02T02:28:25Z,GBP,6,processing,0,39.0
086411a0ec6d5e9211c5c1dc,G0000166,5357,2023-01-01T20:23:43Z,GBP,7,delivered,0,29.0
8c6411a0ec6d5e9211c5c1dd,G0000007,5358,2023-01-15T15:33:40Z,GBP,6,delivered,0,50.0
de6411a0ec6d5e9211c5c1dc,G0000453,5359,2023-03-06T03:23:15Z,GBP,4,shipped,0,50.0
406411a0ec6d5e9211c5c1db,G0000453,5360,2023-01-30T21:11:01Z,GBP,5,delivered,0,50.0
576411a0ec6d5e9211c5c1dd,G0000890,5361,2023-02-27T20:03:43Z,GBP,6,shipped,0,25.0
ee6411a0ec6d5e9211c5c1db,G0000007,5362,2023-01-06T22:06:12Z,GBP,7,processing,0,50.0
a26411a0ec6d5e9211c5c1dc,G0000478,5363,2023-02-05T18:22:48Z,GBP,3,processing,0,50.0
f66411a0ec6d5e9211c5c1dc,G0000453,5364,2023-03-06T04:20:58Z,GBP,3,delivered,0,50.0
806411a0ec6d5e9211c5c1db,G0000890,5365,2023-02-25T02:01:17Z,GBP,5,processing,0,25.0
0d6411a0ec6d5e9211c5c1db,G0000309,5366,2023-02-13T10:12:50Z,GBP,7,delivered,0,50.0
2a6411a0ec6d5e9211c5c1dc,G0000478,5367,2023-02-11T11:01:49Z,GBP,4,processing,0,50.0
2a6411a0ec6d5e9211c5c1dc,G0000051,5368,2023-01-31T04:10:26Z,GBP,6,processing,0,15.0
ae6411a0ec6d5e9211c5c1dc,G0000001,5369,2023-02-01T19:47:05Z,GBP,4,shipped,0,50.0
756411a0eb6d5e9211c5c1da,G0000009,5370,2023-02-02T23:51:16Z,GBP,3,processing,0,50.0
f26411a0ec6d5e9211c5c1db,G0000131,5371,2023-02-07T03:11:42Z,GBP,3,processing,0,9.49
0e6411a0ec6d5e9211c5c1dd,VEEBAlaunchbundleUK,5372,2023-01-28T06:15:47Z,GBP,7,delivered,0,27.0
8b6411a0ec6d5e9211c5c1dd,G0000453,5373,2023-01-23T00:08:04Z,GBP,3,delivered,0,50.0
dd6411a0eb6d5e9211c5c1da,G0000890,5374,2023-01-18T12:25:34Z,GBP,4,processing,0,25.0
526411a0ec6d5e9211c5c1dc,G0000009,5375,2023-02-11T00:36:05Z,GBP,1,shipped,0,50.0
0f6411a0ec6d5e9211c5c1dc,G0000131,5376,2023-01-24T23:04:13Z,GBP,3,shipped,0,9.49
076411a0ec6d5e9211c5c1dd,VEEBAlaunchbundleUK,5377,2022-12-31T15:42:44Z,GBP,2,shipped,0,27.0
e26411a0ec6d5e9211c5c1db,G0000450,5378,2023-03-11T13:35:21Z,GBP,2,shipped,0,50.0
2a6411a0ec6d5e9211c5c1db,G0000009,5379,2023-01-20T02:42:26Z,GBP,5,processing,0,50.0
d66411a0ec6d5e9211c5c1db,G0000478,5380,2023-03-08T10:05:43Z,GBP,6,delivered,0,50.0
996411a0eb6d5e9211c5c1da,G0000450,5381,2023-03-06T09:09:45Z,GBP,2,processing,0,50.0
926411a0ec6d5e9211c5c1dd,G0000890,5382,2023-03-08T21:35:30Z,GBP,4,shipped,0,25.0
7d6411a0ec6d5e9211c5c1db,G0000051,5383,2023-03-05T07:40:31Z,GBP,4,processing,0,15.0
6f6411a0eb6d5e9211c5c1da,G0000163,5384,2023-01-15T04:50:55Z,GBP,7,delivered,0,4.0
9b6411a0ec6d5e9211c5c1dd,G0000001,5385,2023-01-03T11:54:58Z,GBP,6,processing,0,50.0
966411a0eb6d5e9211c5c1da,G0000898,5386,2023-01-06T13:13:55Z,GBP,1,shipped,0,29.0
856411a0ec6d5e9211c5c1db,G0000163,5387,2023-01-31T07:00:26Z,GBP,7,delivered,0,4.0
366411a0ec6d5e9211c5c1de,G0000546,5388,2023-03-01T23:31:49Z,GBP,4,delivered,0,7.0
596411a0ec6d5e9211c5c1db,G0000166,5389,2023-03-07T20:29:48Z,GBP,7,delivered,0,29.0
fa6411a0ec6d5e9211c5c1da,VEEBAlaunchbundleUK,5390,2023-03-05T03:08:20Z,GBP,1,shipped,0,27.0
e06411a0ec6d5e9211c5c1dd,G0000898,5391,2023-02-20T05:48:40Z,GBP,5,shipped,0,29.0
ef6411a0ec6d5e9211c5c1db,G0000009,5392,2023-01-04T10:33:33Z,GBP,7,shipped,0,50.0
a96411a0ec6d5e9211c5c1dc,G0000009,5393,2023-01-12T03:36:52Z,GBP,5,shipped,0,50.0
e76411a0eb6d5e9211c5c1da,G0000005,5394,2023-02-15T09:07:47Z,GBP,4,processing,0,50.0
916411a0ec6d5e9211c5c1dd,G0000005,5395,2023-02-09T08:26:27Z,GBP,5,delivered,0,50.0
f26411a0ec6d5e9211c5c1db,G0000434,5396,2023-02-10T08:44:42Z,GBP,6,shipped,0,50.0
4e6411a0ec6d5e9211c5c1db,G0000001,5397,2023-02-12T02:19:01Z,GBP,6,processing,0,50.0
256411a0ec6d5e9211c5c1de,G0000131,5398,2023-02-05T20:24:26Z,GBP,3,shipped,0,9.49
186411a0ec6d5e9211c5c1de,G0000434,5399,2023-03-12T14:38:46Z,GBP,1,shipped,0,50.0
8d6411a0eb6d5e9211c5c1da,VEEBAlaunchbundleUK,5400,2023-02-12T06:48:12Z,GBP,4,delivered,0,27.0
2b6411a0ec6d5e9211c5c1dd,G0000009,5401,2023-03-06T01:17:50Z,GBP,5,shipped,0,50.0
ff6411a0ec6d5e9211c5c1da,G0000450,5402,2023-02-28T12:41:46Z,GBP,2,shipped,0,50.0
926411a0ec6d5e9211c5c1dd,G0000890,5403,2023-02-07T17:13:38Z,GBP,3,shipped,0,25.0
836411a0ec6d5e9211c5c1db,G0000005,5404,2023-03-09T16:49:19Z,GBP,6,delivered,0,50.0
006411a0ec6d5e9211c5c1db,G0000882,5405,2023-02-11T23:47:11Z,GBP,5,shipped,0,39.0
466411a0ec6d5e9211c5c1dc,G0000434,5406,2023-01-23T17:15:39Z,GBP,2,processing,0,50.0
216411a0ec6d5e9211c5c1dc,G0000882,5407,2023-02-09T16:15:00Z,GBP,6,shipped,0,39.0
1f6411a0ec6d5e9211c5c1db,G0000001,5408,2023-02-24T18:12:49Z,GBP,6,shipped,0,50.0
206411a0ec6d5e9211c5c1dc,G0000890,5409,2023-01-19T02:23:30Z,GBP,2,delivered,0,25.0
4d6411a0ec6d5e9211c5c1db,G0000898,5410,2023-02-22T21:12:02Z,GBP,2,delivered,0,29.0
8c6411a0eb6d5e9211c5c1da,G0000131,5411,2023-02-19T13:16:22Z,GBP,6,delivered,0,9.49
596411a0ec6d5e9211c5c1db,G0000453,5412,2023-02-20T15:05:06Z,GBP,7,delivered,0,50.0
576411a0ec6d5e9211c5c1db,G0000434,5413,2023-01-24T08:18:32Z,GBP,6,shipped,0,50.0
4b6411a0ec6d5e9211c5c1de,G0000898,5414,2023-01-03T17:36:22Z,GBP,7,shipped,0,29.0
e66411a0eb6d5e9211c5c1da,G0000131,5415,2023-01-14T22:42:54Z,GBP,6,delivered,0,9.49
856411a0ec6d5e9211c5c1db,VEEBAlaunchbundleUK,5416,2023-02-21T00:23:07Z,GBP,5,delivered,0,27.0
176411a0ec6d5e9211c5c1db,G0000882,5417,2023-01-28T01:23:02Z,GBP,7,processing,0,39.0
896411a0ec6d5e9211c5c1db,G0000051,5418,2023-01-22T06:17:20Z,GBP,7,delivered,0,15.0
d06411a0ec6d5e9211c5c1db,G0000434,5419,2023-02-28T23:03:54Z,GBP,3,shipped,0,50.0
d36411a0ec6d5e9211c5c1dd,VEEBAlaunchbundleUK,5420,2023-02-13T20:04:40Z,GBP,2,delivered,0,27.0
416411a0ec6d5e9211c5c1de,G0000007,5421,2023-01-24T00:54:31Z,GBP,6,shipped,0,50.0
066411a0ec6d5e9211c5c1dc,G0000882,5422,2023-01-02T18:50:10Z,GBP,6,processing,0,39.0
d86411a0ec6d5e9211c5c1dd,G0000051,5423,2023-01-02T16:46:42Z,GBP,4,shipped,0,15.0
1d6411a0ec6d5e9211c5c1dd,G0000435,5424,2023-01-18T17:09:01Z,GBP,1,processing,0,50.0
c26411a0ec6d5e9211c5c1dc,G0000434,5425,2023-01-11T23:01:04Z,GBP,3,shipped,0,50.0
006411a0ec6d5e9211c5c1db,G0000051,5426,2023-02-10T11:28:54Z,GBP,3,shipped,0,15.0
c16411a0ec6d5e9211c5c1dc,G0000898,5427,2023-01-10T22:40:27Z,GBP,7,processing,0,29.0
6a6411a0ec6d5e9211c5c1dc,G0000009,5428,2023-02-28T17:31:16Z,GBP,6,processing,0,50.0
9f6411a0ec6d5e9211c5c1dc,G0000009,5429,2023-01-01T08:08:58Z,GBP,2,processing,0,50.0
d56411a0ec6d5e9211c5c1dc,G0000163,5430,2023-02-05T14:48:08Z,GBP,4,delivered,0,4.0
fe6411a0ec6d5e9211c5c1dc,G0000051,5431,2023-01-21T19:47:58Z,GBP,6,delivered,0,15.0
ce6411a0ec6d5e9211c5c1dd,G0000478,5432,2023-02-02T11:58:03Z,GBP,2,delivered,0,50.0
b96411a0ec6d5e9211c5c1dd,G0000166,5433,2023-02-11T20:08:11Z,GBP,5,processing,0,29.0
d86411a0ec6d5e9211c5c1db,G0000435,5434,2023-02-07T06:18:43Z,GBP,5,delivered,0,50.0
4f6411a0ec6d5e9211c5c1dd,G0000163,5435,2023-01-07T08:29:15Z,GBP,4,delivered,0,4.0
bd6411a0ec6d5e9211c5c1dd,G0000882,5436,2023-01-12T16:43:49Z,GBP,1,shipped,0,39.0
9d6411a0ec6d5e9211c5c1db,G0000051,5437,2023-03-10T09:13:47Z,GBP,1,processing,0,15.0
ba6411a0ec6d5e9211c5c1dd,G0000890,5438,2023-02-19T16:53:40Z,GBP,3,delivered,0,25.0
c66411a0ec6d5e9211c5c1db,G0000309,5439,2023-02-06T08:22:10Z,GBP,1,delivered,0,50.0
7c6411a0ec6d5e9211c5c1db,G0000007,5440,2023-01-28T02:44:41Z,GBP,2,delivered,0,50.0
ab6411a0eb6d5e9211c5c1da,G0000001,5441,2023-01-10T06:55:05Z,GBP,3,delivered,0,50.0
566411a0ec6d5e9211c5c1db,G0000450,5442,2023-02-12T18:09:52Z,GBP,2,delivered,0,50.0
f86411a0ec6d5e9211c5c1dc,G0000131,5443,2023-02-08T00:43:23Z,GBP,6,delivered,0,9.49
dd6411a0eb6d5e9211c5c1da,G0000890,5444,2023-03-12T15:59:03Z,GBP,2,delivered,0,25.0
d26411a0ec6d5e9211c5c1dc,G0000131,5445,2023-02-12T12:02:00Z,GBP,1,processing,0,9.49
c36411a0ec6d5e9211c5c1dd,G0000051,5446,2023-01-25T08:38:36Z,GBP,5,processing,0,15.0
a06411a0ec6d5e9211c5c1dd,G0000435,5447,2023-01-13T15:27:17Z,GBP,5,processing,0,50.0
7b6411a0ec6d5e9211c5c1dc,G0000898,5448,2023-02-20T19:43:03Z,GBP,7,processing,0,29.0
ad6411a0ec6d5e9211c5c1dc,G0000882,5449,2023-02-26T01:36:33Z,GBP,5,processing,0,39.0
e56411a0ec6d5e9211c5c1dd,G0000009,5450,2023-01-08T06:39:17Z,GBP,2,processing,0,50.0
fa6411a0ec6d5e9211c5c1db,G0000435,5451,2023-01-11T02:15:22Z,GBP,3,shipped,0,50.0
476411a0ec6d5e9211c5c1de,G0000166,5452,2023-02-23T02:41:00Z,GBP,2,delivered,0,29.0
196411a0ec6d5e9211c5c1dd,G0000007,5453,2023-03-05T05:01:34Z,GBP,3,shipped,0,50.0
2a6411a0ec6d5e9211c5c1dd,G0000890,5454,2023-03-05T23:01:03Z,GBP,1,processing,0,25.0
d76411a0ec6d5e9211c5c1db,G0000051,5455,2023-03-01T11:17:34Z,GBP,1,delivered,0,15.0
3a6411a0ec6d5e9211c5c1dd,G0000453,5456,2023-01-29T18:13:17Z,GBP,2,delivered,0,50.0
dc6411a0ec6d5e9211c5c1db,G0000007,5457,2023-03-14T11:28:02Z,GBP,6,delivered,0,50.0
046411a0ec6d5e9211c5c1dc,G0000890,5458,2023-03-08T17:29:05Z,GBP,2,delivered,0,25.0
036411a0ec6d5e9211c5c1dd,G0000051,5459,2023-02-26T20:03:55Z,GBP,7,delivered,0,15.0
c36411a0eb6d5e9211c5c1da,G0000131,5460,2023-02-21T07:09:51Z,GBP,4,delivered,0,9.49
f16411a0eb6d5e9211c5c1da,G0000890,5461,2023-02-15T14:38:32Z,GBP,3,processing,0,25.0
5a6411a0ec6d5e9211c5c1dd,G0000131,5462,2023-01-12T16:16:14Z,GBP,7,shipped,0,9.49
996411a0ec6d5e9211c5c1dc,G0000051,5463,2023-01-23T10:19:24Z,GBP,6,shipped,0,15.0
8c6411a0ec6d5e9211c5c1dd,G0000453,5464,2022-12-31T15:23:12Z,GBP,7,shipped,0,50.0
dc6411a0ec6d5e9211c5c1dc,G0000163,5465,2023-03-07T23:54:10Z,GBP,1,delivered,0,4.0
136411a0ec6d5e9211c5c1db,G0000898,5466,2023-01-08T18:20:56Z,GBP,1,shipped,0,29.0
096411a0ec6d5e9211c5c1db,G0000450,5467,2023-01-30T09:38:13Z,GBP,6,shipped,0,50.0
136411a0ec6d5e9211c5c1de,G0000882,5468,2023-01-05T09:30:15Z,GBP,7,processing,0,39.0
226411a0ec6d5e9211c5c1de,G0000450,5469,2023-02-12T04:28:27Z,GBP,3,processing,0,50.0
a16411a0ec6d5e9211c5c1dd,G0000005,5470,2023-02-09T03:45:16Z,GBP,4,shipped,0,50.0
b86411a0ec6d5e9211c5c1dd,G0000478,5471,2023-01-09T14:57:53Z,GBP,3,delivered,0,50.0
bb6411a0ec6d5e9211c5c1dd,G0000890,5472,2023-02-09T22:26:48Z,GBP,5,processing,0,25.0
e06411a0ec6d5e9211c5c1dc,G0000882,5473,2023-01-07T06:27:44Z,GBP,7,delivered,0,39.0
256411a0ec6d5e9211c5c1dd,G0000007,5474,2023-02-16T21:17:26Z,GBP,7,shipped,0,50.0
f26411a0eb6d5e9211c5c1da,G0000007,5475,2023-01-22T15:42:32Z,GBP,4,processing,0,50.0
e36411a0ec6d5e9211c5c1dc,G0000166,5476,2023-02-22T01:21:01Z,GBP,5,shipped,0,29.0
056411a0ec6d5e9211c5c1db,G0000546,5477,2023-01-07T22:19:24Z,GBP,2,delivered,0,7.0
736411a0ec6d5e9211c5c1db,G0000131,5478,2023-01-19T11:00:25Z,GBP,7,delivered,0,9.49
f46411a0ec6d5e9211c5c1dc,G0000478,5479,2023-02-01T02:47:45Z,GBP,7,processing,0,50.0
8f6411a0ec6d5e9211c5c1dc,VEEBAlaunchbundleUK,5480,2023-01-23T14:41:39Z,GBP,5,shipped,0,27.0
0a6411a0ec6d5e9211c5c1db,G0000051,5481,2023-01-09T16:37:40Z,GBP,5,delivered,0,15.0
fe6411a0ec6d5e9211c5c1da,G0000309,5482,2023-02-20T23:13:38Z,GBP,1,processing,0,50.0
a16411a0ec6d5e9211c5c1dc,G0000898,5483,2022-12-31T12:13:40Z,GBP,5,delivered,0,29.0
116411a0ec6d5e9211c5c1dc,G0000882,5484,2023-01-07T18:20:12Z,GBP,6,delivered,0,39.0
466411a0ec6d5e9211c5c1de,G0000453,5485,2023-03-06T08:44:56Z,GBP,4,delivered,0,50.0
ec6411a0ec6d5e9211c5c1dd,G0000051,5486,2023-01-19T11:51:15Z,GBP,3,shipped,0,15.0
a86411a0ec6d5e9211c5c1dd,G0000478,5487,2023-03-02T14:48:52Z,GBP,5,shipped,0,50.0
cb6411a0eb6d5e9211c5c1da,G0000166,5488,2023-02-23T14:45:49Z,GBP,6,delivered,0,29.0
886411a0eb6d5e9211c5c1da,G0000001,5489,2023-03-01T03:26:06Z,GBP,3,delivered,0,50.0
a36411a0ec6d5e9211c5c1db,G0000450,5490,2023-02-03T09:06:41Z,GBP,5,shipped,0,50.0
bd6411a0ec6d5e9211c5c1db,G0000890,5491,2023-02-19T03:34:29Z,GBP,1,processing,0,25.0
956411a0ec6d5e9211c5c1db,G0000001,5492,2023-01-30T18:34:32Z,GBP,3,processing,0,50.0
946411a0ec6d5e9211c5c1dd,G0000166,5493,2023-03-07T00:57:26Z,GBP,1,shipped,0,29.0
e56411a0ec6d5e9211c5c1dc,G0000434,5494,2023-02-13T03:18:00Z,GBP,2,processing,0,50.0
bd6411a0eb6d5e9211c5c1da,G0000009,5495,2023-03-09T05:50:58Z,GBP,1,delivered,0,50.0
246411a0ec6d5e9211c5c1dc,G0000309,5496,2023-01-14T00:34:30Z,GBP,3,processing,0,50.0
8a6411a0eb6d5e9211c5c1da,G0000453,5497,2023-02-22T14:10:26Z,GBP,4,delivered,0,50.0
086411a0ec6d5e9211c5c1dd,G0000890,5498,2023-01-12T19:32:12Z,GBP,4,shipped,0,25.0
a16411a0ec6d5e9211c5c1dc,G0000434,5499,2023-01-02T17:24:40Z,GBP,2,shipped,0,50.0
d56411a0ec6d5e9211c5c1db,G0000898,5500,2023-03-08T08:20:49Z,GBP,1,delivered,0,29.0
406411a0ec6d5e9211c5c1dc,G0000309,5501,2023-01-19T10:25:21Z,GBP,2,delivered,0,50.0
dd6411a0ec6d5e9211c5c1dd,VEEBAlaunchbundleUK,5502,2023-02-13T18:51:58Z,GBP,7,shipped,0,27.0
c76411a0eb6d5e9211c5c1da,G0000009,5503,2023-01-26T04:55:47Z,GBP,1,delivered,0,50.0
c66411a0ec6d5e9211c5c1dc,G0000450,5504,2023-01-25T13:00:07Z,GBP,3,processing,0,50.0
ee6411a0ec6d5e9211c5c1dd,G0000435,5505,2023-01-18T08:14:47Z,GBP,6,shipped,0,50.0
ac6411a0eb6d5e9211c5c1da,G0000005,5506,2023-02-12T13:13:16Z,GBP,6,processing,0,50.0
cd6411a0ec6d5e9211c5c1dd,G0000007,5507,2023-01-04T15:35:54Z,GBP,5,delivered,0,50.0
7e6411a0ec6d5e9211c5c1dc,G0000166,5508,2023-02-04T16:52:25Z,GBP,1,delivered,0,29.0
5b6411a0ec6d5e9211c5c1db,G0000001,5509,2023-01-20T20:30:36Z,GBP,5,processing,0,50.0
d36411a0ec6d5e9211c5c1dd,G0000009,5510,2023-02-17T11:24:59Z,GBP,6,shipped,0,50.0
3e6411a0ec6d5e9211c5c1db,G0000890,5511,2023-03-14T02:41:28Z,GBP,4,delivered,0,25.0
be6411a0ec6d5e9211c5c1db,G0000434,5512,2023-02-02T00:52:27Z,GBP,5,shipped,0,50.0
8d6411a0ec6d5e9211c5c1dd,G0000009,5513,2023-01-30T05:59:23Z,GBP,6,shipped,0,50.0
4a6411a0ec6d5e9211c5c1dc,G0000309,5514,2023-02-23T17:55:33Z,GBP,5,delivered,0,50.0
bb6411a0eb6d5e9211c5c1da,G0000453,5515,2023-03-06T16:44:26Z,GBP,1,shipped,0,50.0
036411a0ec6d5e9211c5c1db,VEEBAlaunchbundleUK,5516,2023-02-15T04:31:41Z,GBP,2,delivered,0,27.0
596411a0ec6d5e9211c5c1dc,G0000434,5517,2023-02-03T00:07:27Z,GBP,6,delivered,0,50.0
406411a0ec6d5e9211c5c1db,G0000009,5518,2023-01-11T09:31:52Z,GBP,5,delivered,0,50.0
9b6411a0ec6d5e9211c5c1dc,G0000546,5519,2023-01-06T18:39:09Z,GBP,4,delivered,0,7.0
d36411a0ec6d5e9211c5c1dc,G0000001,5520,2023-01-19T10:26:29Z,GBP,6,processing,0,50.0
026411a0ec6d5e9211c5c1de,G0000898,5521,2023-02-19T03:16:51Z,GBP,5,processing,0,29.0
166411a0ec6d5e9211c5c1dd,G0000898,5522,2023-03-09T17:13:18Z,GBP,4,shipped,0,29.0
596411a0ec6d5e9211c5c1dc,G0000009,5523,2023-03-06T16:18:40Z,GBP,5,delivered,0,50.0
e16411a0ec6d5e9211c5c1db,G0000478,5524,2023-02-28T22:57:07Z,GBP,7,processing,0,50.0
376411a0ec6d5e9211c5c1dd,G0000890,5525,2023-03-10T09:23:41Z,GBP,5,processing,0,25.0
c86411a0eb6d5e9211c5c1da,G0000478,5526,2023-02-24T03:28:31Z,GBP,2,processing,0,50.0
7b6411a0eb6d5e9211c5c1da,G0000478,5527,2023-02-16T04:47:13Z,GBP,7,shipped,0,50.0
2b6411a0ec6d5e9211c5c1dd,G0000898,5528,2023-01-09T22:39:11Z,GBP,5,shipped,0,29.0
1b6411a0ec6d5e9211c5c1dd,G0000007,5529,2023-02-27T16:47:00Z,GBP,1,delivered,0,50.0
8b6411a0eb6d5e9211c5c1da,G0000009,5530,2023-02-08T13:41:50Z,GBP,2,processing,0,50.0
c66411a0ec6d5e9211c5c1db,G0000166,5531,2023-03-08T06:17:28Z,GBP,4,processing,0,29.0
796411a0eb6d5e9211c5c1da,G0000450,5532,2023-03-06T20:43:57Z,GBP,2,processing,0,50.0
316411a0ec6d5e9211c5c1de,G0000007,5533,2023-02-24T13:13:43Z,GBP,4,delivered,0,50.0
a66411a0eb6d5e9211c5c1da,G0000001,5534,2023-02-02T15:17:24Z,GBP,4,delivered,0,50.0
846411a0ec6d5e9211c5c1db,G0000453,5535,2023-02-10T12:11:24Z,GBP,2,processing,0,50.0
856411a0ec6d5e9211c5c1dd,G0000131,5536,2023-03-06T10:07:02Z,GBP,3,delivered,0,9.49
5d6411a0ec6d5e9211c5c1dc,G0000001,5537,2023-01-25T03:25:20Z,GBP,3,delivered,0,50.0
526411a0ec6d5e9211c5c1dc,G0000007,5538,2023-02-09T07:31:20Z,GBP,2,shipped,0,50.0
c56411a0ec6d5e9211c5c1dd,G0000478,5539,2023-02-24T08:31:55Z,GBP,6,processing,0,50.0
276411a0ec6d5e9211c5c1dc,G0000478,5540,2023-02-28T16:35:24Z,GBP,7,processing,0,50.0
136411a0ec6d5e9211c5c1dd,G0000435,5541,2023-01-23T05:39:44Z,GBP,6,processing,0,50.0
ea6411a0ec6d5e9211c5c1db,VEEBAlaunchbundleUK,5542,2023-01-03T09:35:10Z,GBP,1,shipped,0,27.0
b66411a0ec6d5e9211c5c1dc,G0000890,5543,2023-02-05T19:42:20Z,GBP,3,shipped,0,25.0
ba6411a0eb6d5e9211c5c1da,G0000005,5544,2023-01-27T14:18:24Z,GBP,6,delivered,0,50.0
f76411a0ec6d5e9211c5c1dc,G0000435,5545,2023-01-27T22:21:54Z,GBP,3,processing,0,50.0
916411a0ec6d5e9211c5c1db,G0000478,5546,2023-01-17T23:27:17Z,GBP,7,processing,0,50.0
2f6411a0ec6d5e9211c5c1dc,G0000051,5547,2023-01-10T10:17:32Z,GBP,3,shipped,0,15.0
716411a0ec6d5e9211c5c1dd,G0000309,5548,2023-01-01T23:27:09Z,GBP,6,shipped,0,50.0
fd6411a0ec6d5e9211c5c1dc,G0000434,5549,2022-12-31T20:37:17Z,GBP,5,shipped,0,50.0
826411a0eb6d5e9211c5c1da,G0000163,5550,2023-01-21T05:52:01Z,GBP,5,shipped,0,4.0
856411a0eb6d5e9211c5c1da,G0000005,5551,2023-02-20T22:01:16Z,GBP,5,shipped,0,50.0
606411a0ec6d5e9211c5c1dd,G0000435,5552,2023-02-21T02:36:59Z,GBP,7,processing,0,50.0
fa6411a0ec6d5e9211c5c1da,VEEBAlaunchbundleUK,5553,2023-01-25T15:25:23Z,GBP,2,processing,0,27.0
ee6411a0eb6d5e9211c5c1da,G0000546,5554,2023-02-11T08:56:59Z,GBP,4,delivered,0,7.0
446411a0ec6d5e9211c5c1dd,G0000898,5555,2023-01-30T04:40:11Z,GBP,5,processing,0,29.0
d96411a0eb6d5e9211c5c1da,G0000478,5556,2023-01-22T20:28:46Z,GBP,2,processing,0,50.0
7b6411a0ec6d5e9211c5c1dc,G0000453,5557,2023-02-28T10:42:46Z,GBP,7,processing,0,50.0
d06411a0ec6d5e9211c5c1dd,G0000434,5558,2023-01-22T01:47:14Z,GBP,6,delivered,0,50.0
c26411a0ec6d5e9211c5c1dc,G0000163,5559,2023-02-20T13:30:37Z,GBP,5,shipped,0,4.0
b56411a0ec6d5e9211c5c1dd,G0000051,5560,2023-01-23T11:56:42Z,GBP,2,processing,0,15.0
af6411a0eb6d5e9211c5c1da,G0000163,5561,2023-02-03T08:17:35Z,GBP,4,shipped,0,4.0
246411a0ec6d5e9211c5c1dc,G0000309,5562,2023-01-07T22:41:41Z,GBP,1,processing,0,50.0
b76411a0ec6d5e9211c5c1dd,G0000898,5563,2023-03-01T05:41:39Z,GBP,1,delivered,0,29.0
216411a0ec6d5e9211c5c1de,G0000478,5564,2023-01-01T20:26:56Z,GBP,2,delivered,0,50.0
926411a0eb6d5e9211c5c1da,G0000434,5565,2023-01-04T00:38:43Z,GBP,4,shipped,0,50.0
fe6411a0ec6d5e9211c5c1dd,G0000882,5566,2023-02-02T15:58:54Z,GBP,6,processing,0,39.0
216411a0ec6d5e9211c5c1dd,VEEBAlaunchbundleUK,5567,2023-03-07T05:07:27Z,GBP,7,processing,0,27.0
ab6411a0ec6d5e9211c5c1dc,G0000009,5568,2023-02-03T21:13:58Z,GBP,4,shipped,0,50.0
736411a0ec6d5e9211c5c1dd,G0000890,5569,2023-01-03T14:43:46Z,GBP,2,processing,0,25.0
1e6411a0ec6d5e9211c5c1dc,G0000309,5570,2023-03-13T21:41:15Z,GBP,4,processing,0,50.0
e46411a0ec6d5e9211c5c1dd,G0000890,5571,2023-01-16T22:01:49Z,GBP,2,delivered,0,25.0
676411a0ec6d5e9211c5c1dd,G0000309,5572,2023-02-24T13:00:19Z,GBP,2,delivered,0,50.0
a86411a0eb6d5e9211c5c1da,G0000051,5573,2023-01-09T14:27:22Z,GBP,7,shipped,0,15.0
156411a0ec6d5e9211c5c1db,G0000546,5574,2023-03-14T04:48:47Z,GBP,4,shipped,0,7.0
916411a0eb6d5e9211c5c1da,G0000166,5575,2023-03-09T20:32:49Z,GBP,1,processing,0,29.0
046411a0ec6d5e9211c5c1dc,G0000009,5576,2023-01-27T01:41:37Z,GBP,3,delivered,0,50.0
ac6411a0eb6d5e9211c5c1da,G0000478,5577,2023-01-31T19:34:21Z,GBP,2,delivered,0,50.0
bb6411a0ec6d5e9211c5c1db,G0000007,5578,2023-02-11T14:49:09Z,GBP,5,processing,0,50.0
0d6411a0ec6d5e9211c5c1db,G0000882,5579,2023-02-08T13:03:54Z,GBP,7,shipped,0,39.0
596411a0ec6d5e9211c5c1dd,G0000309,5580,2023-02-21T16:00:17Z,GBP,3,processing,0,50.0
ec6411a0ec6d5e9211c5c1dc,G0000435,5581,2023-01-05T10:05:44Z,GBP,3,delivered,0,50.0
9f6411a0ec6d5e9211c5c1dc,G0000890,5582,2023-02-27T22:14:53Z,GBP,1,shipped,0,25.0
556411a0ec6d5e9211c5c1dc,G0000450,5583,2023-02-26T11:18:01Z,GBP,5,delivered,0,50.0
bd6411a0ec6d5e9211c5c1db,G0000051,5584,2023-01-08T12:16:19Z,GBP,6,delivered,0,15.0
9b6411a0ec6d5e9211c5c1dd,G0000882,5585,2023-02-23T20:56:30Z,GBP,2,shipped,0,39.0
336411a0ec6d5e9211c5c1dd,G0000890,5586,2023-01-27T09:49:08Z,GBP,6,delivered,0,25.0
e56411a0ec6d5e9211c5c1dc,VEEBAlaunchbundleUK,5587,2023-01-18T14:57:20Z,GBP,1,processing,0,27.0
c86411a0ec6d5e9211c5c1dc,VEEBAlaunchbundleUK,5588,2023-03-10T07:39:45Z,GBP,4,processing,0,27.0
a46411a0ec6d5e9211c5c1db,G0000434,5589,2023-03-10T18:15:05Z,GBP,6,delivered,0,50.0
476411a0ec6d5e9211c5c1dd,VEEBAlaunchbundleUK,5590,2023-01-30T21:36:57Z,GBP,4,delivered,0,27.0
9c6411a0ec6d5e9211c5c1dc,G0000453,5591,2023-01-19T10:15:54Z,GBP,1,delivered,0,50.0
226411a0ec6d5e9211c5c1de,VEEBAlaunchbundleUK,5592,2023-01-27T15:43:07Z,GBP,7,processing,0,27.0
b36411a0eb6d5e9211c5c1da,G0000478,5593,2023-01-28T14:33:27Z,GBP,2,delivered,0,50.0
906411a0ec6d5e9211c5c1dd,G0000435,5594,2023-02-15T00:40:44Z,GBP,1,processing,0,50.0
0b6411a0ec6d5e9211c5c1de,G0000435,5595,2023-02-07T15:18:43Z,GBP,1,processing,0,50.0
986411a0ec6d5e9211c5c1db,G0000163,5596,2023-03-08T12:31:28Z,GBP,3,shipped,0,4.0
d36411a0ec6d5e9211c5c1db,G0000309,5597,2022-12-31T14:50:54Z,GBP,1,processing,0,50.0
df6411a0ec6d5e9211c5c1dc,G0000309,5598,2023-02-10T04:08:49Z,GBP,5,processing,0,50.0
366411a0ec6d5e9211c5c1de,VEEBAlaunchbundleUK,5599,2023-01-03T03:10:25Z,GBP,4,processing,0,27.0
116411a0ec6d5e9211c5c1db,G0000450,5600,2023-02-28T17:45:11Z,GBP,2,processing,0,50.0
ff6411a0ec6d5e9211c5c1db,G0000890,5601,2023-03-14T12:32:38Z,GBP,2,shipped,0,25.0
276411a0ec6d5e9211c5c1de,G0000009,5602,2023-01-15T21:12:49Z,GBP,7,delivered,0,50.0
cf6411a0ec6d5e9211c5c1db,G0000450,5603,2023-01-20T18:14:58Z,GBP,5,delivered,0,50.0
8a6411a0ec6d5e9211c5c1dd,G0000131,5604,2023-01-04T07:47:18Z,GBP,5,delivered,0,9.49
556411a0ec6d5e9211c5c1dc,G0000001,5605,2023-03-10T20:48:54Z,GBP,1,processing,0,50.0
186411a0ec6d5e9211c5c1db,G0000005,5606,2023-01-14T21:10:37Z,GBP,2,processing,0,50.0
166411a0ec6d5e9211c5c1dd,G0000882,5607,2023-01-07T17:13:30Z,GBP,4,processing,0,39.0
e66411a0ec6d5e9211c5c1dd,G0000453,5608,2023-03-10T18:18:23Z,GBP,6,shipped,0,50.0
c86411a0ec6d5e9211c5c1db,G0000163,5609,2023-01-07T01:25:09Z,GBP,7,processing,0,4.0
b06411a0ec6d5e9211c5c1db,G0000009,5610,2023-01-09T14:52:51Z,GBP,6,delivered,0,50.0
2b6411a0ec6d5e9211c5c1db,G0000434,5611,2023-03-11T00:54:00Z,GBP,1,shipped,0,50.0
4e6411a0ec6d5e9211c5c1dc,G0000546,5612,2023-03-05T18:52:02Z,GBP,1,shipped,0,7.0
a36411a0eb6d5e9211c5c1da,G0000890,5613,2023-02-09T14:03:28Z,GBP,7,shipped,0,25.0
a86411a0ec6d5e9211c5c1db,G0000434,5614,2023-01-24T03:51:53Z,GBP,2,processing,0,50.0
106411a0ec6d5e9211c5c1db,G0000005,5615,2023-01-31T12:43:26Z,GBP,2,shipped,0,50.0
4b6411a0ec6d5e9211c5c1dc,G0000434,5616,2023-01-18T02:31:27Z,GBP,3,processing,0,50.0
826411a0ec6d5e9211c5c1dd,G0000131,5617,2023-02-03T05:59:59Z,GBP,2,shipped,0,9.49
e56411a0ec6d5e9211c5c1dd,G0000450,5618,2023-02-17T07:50:28Z,GBP,2,delivered,0,50.0
216411a0ec6d5e9211c5c1db,G0000450,5619,2023-01-22T14:09:24Z,GBP,1,shipped,0,50.0
d06411a0ec6d5e9211c5c1db,G0000131,5620,2023-03-13T07:09:32Z,GBP,4,delivered,0,9.49
ab6411a0eb6d5e9211c5c1da,G0000007,5621,2023-02-10T13:36:36Z,GBP,4,shipped,0,50.0
536411a0ec6d5e9211c5c1dc,G0000890,5622,2023-02-22T00:23:57Z,GBP,3,delivered,0,25.0
ff6411a0ec6d5e9211c5c1dc,G0000450,5623,2023-01-20T05:20:52Z,GBP,5,shipped,0,50.0
b26411a0ec6d5e9211c5c1dc,G0000166,5624,2023-02-12T08:42:47Z,GBP,3,processing,0,29.0
536411a0ec6d5e9211c5c1dc,G0000434,5625,2023-01-07T05:57:27Z,GBP,3,shipped,0,50.0
c36411a0ec6d5e9211c5c1dd,G0000435,5626,2023-02-20T21:41:18Z,GBP,7,delivered,0,50.0
be6411a0ec6d5e9211c5c1db,G0000546,5627,2023-03-07T19:09:00Z,GBP,4,processing,0,7.0
d06411a0ec6d5e9211c5c1dd,G0000007,5628,2023-02-21T04:57:11Z,GBP,7,delivered,0,50.0
086411a0ec6d5e9211c5c1de,G0000435,5629,2023-01-03T15:30:59Z,GBP,7,shipped,0,50.0
0d6411a0ec6d5e9211c5c1dd,G0000009,5630,2023-01-19T11:59:23Z,GBP,7,shipped,0,50.0
106411a0ec6d5e9211c5c1de,G0000007,5631,2023-03-12T07:23:15Z,GBP,3,processing,0,50.0
a06411a0eb6d5e9211c5c1da,G0000882,5632,2023-01-04T14:39:18Z,GBP,2,processing,0,39.0
b76411a0ec6d5e9211c5c1db,G0000890,5633,2022-12-31T14:34:56Z,GBP,4,shipped,0,25.0
d86411a0ec6d5e9211c5c1db,G0000009,5634,2023-01-05T15:54:39Z,GBP,7,shipped,0,50.0
346411a0ec6d5e9211c5c1dd,G0000007,5635,2023-02-06T14:06:43Z,GBP,5,shipped,0,50.0
806411a0ec6d5e9211c5c1dc,G0000051,5636,2023-02-05T18:05:22Z,GBP,2,delivered,0,15.0
bb6411a0ec6d5e9211c5c1db,G0000007,5637,2023-01-12T14:46:47Z,GBP,4,processing,0,50.0
bc6411a0eb6d5e9211c5c1da,G0000009,5638,2023-01-01T08:11:59Z,GBP,1,delivered,0,50.0
196411a0ec6d5e9211c5c1dd,G0000546,5639,2023-02-24T09:09:03Z,GBP,3,processing,0,7.0
0e6411a0ec6d5e9211c5c1db,G0000478,5640,2023-02-18T12:41:37Z,GBP,1,delivered,0,50.0
f06411a0ec6d5e9211c5c1dd,G0000898,5641,2023-01-08T15:39:52Z,GBP,7,delivered,0,29.0
9c6411a0ec6d5e9211c5c1dc,G0000882,5642,2023-01-14T09:19:52Z,GBP,6,shipped,0,39.0
bd6411a0ec6d5e9211c5c1dc,G0000450,5643,2023-02-08T17:31:17Z,GBP,4,shipped,0,50.0
bd6411a0ec6d5e9211c5c1db,VEEBAlaunchbundleUK,5644,2023-02-16T11:35:45Z,GBP,2,processing,0,27.0
476411a0ec6d5e9211c5c1de,G0000898,5645,2023-01-03T21:10:42Z,GBP,3,processing,0,29.0
d06411a0ec6d5e9211c5c1dc,G0000009,5646,2023-01-15T13:25:04Z,GBP,2,delivered,0,50.0
f36411a0eb6d5e9211c5c1da,G0000546,5647,2023-02-14T14:34:41Z,GBP,5,shipped,0,7.0
0f6411a0ec6d5e9211c5c1dc,VEEBAlaunchbundleUK,5648,2023-02-02T12:25:14Z,GBP,1,shipped,0,27.0
276411a0ec6d5e9211c5c1dd,G0000007,5649,2023-02-08T03:29:28Z,GBP,6,delivered,0,50.0
fc6411a0ec6d5e9211c5c1db,G0000051,5650,2023-01-14T13:08:47Z,GBP,5,processing,0,15.0
e06411a0ec6d5e9211c5c1db,G0000435,5651,2023-02-09T00:22:38Z,GBP,3,delivered,0,50.0
866411a0ec6d5e9211c5c1dd,G0000051,5652,2023-01-14T20:18:48Z,GBP,6,delivered,0,15.0
ea6411a0eb6d5e9211c5c1da,G0000001,5653,2023-01-15T10:36:53Z,GBP,5,processing,0,50.0
666411a0ec6d5e9211c5c1dd,G0000131,5654,2023-03-11T07:33:51Z,GBP,6,delivered,0,9.49
186411a0ec6d5e9211c5c1db,G0000546,5655,2023-01-13T12:12:21Z,GBP,5,shipped,0,7.0
0a6411a0ec6d5e9211c5c1de,G0000009,5656,2023-02-17T11:30:21Z,GBP,1,processing,0,50.0
a96411a0eb6d5e9211c5c1da,G0000051,5657,2023-02-01T15:18:10Z,GBP,5,shipped,0,15.0
376411a0ec6d5e9211c5c1dc,G0000898,5658,2023-02-04T18:25:41Z,GBP,3,shipped,0,29.0
d86411a0ec6d5e9211c5c1dd,G0000546,5659,2023-01-26T17:45:56Z,GBP,7,processing,0,7.0
016411a0ec6d5e9211c5c1de,G0000450,5660,2023-03-01T16:16:23Z,GBP,3,shipped,0,50.0
016411a0ec6d5e9211c5c1db,G0000890,5661,2023-02-07T23:04:03Z,GBP,4,shipped,0,25.0
bd6411a0eb6d5e9211c5c1da,G0000435,5662,2023-02-03T10:54:18Z,GBP,3,shipped,0,50.0
016411a0ec6d5e9211c5c1db,VEEBAlaunchbundleUK,5663,2023-02-19T07:23:28Z,GBP,2,delivered,0,27.0
c76411a0eb6d5e9211c5c1da,G0000309,5664,2023-01-04T15:56:18Z,GBP,4,shipped,0,50.0
2f6411a0ec6d5e9211c5c1de,G0000450,5665,2023-03-08T12:46:40Z,GBP,7,processing,0,50.0
2b6411a0ec6d5e9211c5c1db,G0000131,5666,2023-02-04T11:25:07Z,GBP,2,processing,0,9.49
896411a0ec6d5e9211c5c1db,G0000309,5667,2023-02-18T14:38:27Z,GBP,1,processing,0,50.0
3c6411a0ec6d5e9211c5c1dd,G0000478,5668,2023-03-05T00:07:20Z,GBP,2,processing,0,50.0
866411a0eb6d5e9211c5c1da,G0000131,5669,2023-01-09T10:17:11Z,GBP,7,shipped,0,9.49
3a6411a0ec6d5e9211c5c1db,G0000051,5670,2023-01-28T09:08:35Z,GBP,1,delivered,0,15.0
9f6411a0ec6d5e9211c5c1db,G0000882,5671,2023-02-23T00:40:25Z,GBP,5,delivered,0,39.0
1a6411a0ec6d5e9211c5c1db,G0000478,5672,2022-12-31T10:19:22Z,GBP,2,delivered,0,50.0
256411a0ec6d5e9211c5c1db,G0000007,5673,2023-02-17T23:31:24Z,GBP,6,processing,0,50.0
e66411a0ec6d5e9211c5c1db,G0000450,5674,2023-03-12T00:31:14Z,GBP,1,delivered,0,50.0
0e6411a0ec6d5e9211c5c1db,G0000051,5675,2023-01-28T07:19:06Z,GBP,4,delivered,0,15.0
846411a0ec6d5e9211c5c1db,G0000546,5676,2023-02-12T11:10:07Z,GBP,3,shipped,0,7.0
756411a0eb6d5e9211c5c1da,G0000005,5677,2023-02-03T10:46:56Z,GBP,3,delivered,0,50.0
2e6411a0ec6d5e9211c5c1de,G0000009,5678,2023-02-21T16:04:10Z,GBP,1,processing,0,50.0
a86411a0ec6d5e9211c5c1db,G0000453,5679,2023-02-09T21:15:18Z,GBP,1,delivered,0,50.0
0c6411a0ec6d5e9211c5c1dc,G0000453,5680,2023-02-28T17:15:53Z,GBP,1,processing,0,50.0
3c6411a0ec6d5e9211c5c1dd,G0000546,5681,2023-01-25T00:05:16Z,GBP,4,processing,0,7.0
aa6411a0ec6d5e9211c5c1dc,G0000007,5682,2023-01-12T21:59:08Z,GBP,1,processing,0,50.0
f16411a0ec6d5e9211c5c1dd,G0000546,5683,2023-03-13T15:54:53Z,GBP,3,shipped,0,7.0
e56411a0ec6d5e9211c5c1db,G0000131,5684,2023-02-13T05:45:23Z,GBP,1,shipped,0,9.49
a56411a0eb6d5e9211c5c1da,G0000453,5685,2023-02-25T11:41:42Z,GBP,3,shipped,0,50.0
436411a0ec6d5e9211c5c1db,G0000309,5686,2023-03-03T05:51:31Z,GBP,7,processing,0,50.0
e26411a0ec6d5e9211c5c1dd,G0000450,5687,2023-01-23T03:11:42Z,GBP,7,processing,0,50.0
e66411a0ec6d5e9211c5c1dd,G0000166,5688,2023-03-06T08:19:51Z,GBP,4,delivered,0,29.0
056411a0ec6d5e9211c5c1db,G0000163,5689,2023-01-03T03:27:24Z,GBP,1,shipped,0,4.0
f16411a0eb6d5e9211c5c1da,G0000890,5690,2023-03-06T10:41:30Z,GBP,7,processing,0,25.0
b56411a0eb6d5e9211c5c1da,G0000007,5691,2023-02-15T15:40:21Z,GBP,1,delivered,0,50.0
7a6411a0ec6d5e9211c5c1dd,G0000163,5692,2023-02-28T20:33:41Z,GBP,6,processing,0,4.0
b66411a0eb6d5e9211c5c1da,G0000001,5693,2023-03-03T02:48:20Z,GBP,7,processing,0,50.0
026411a0ec6d5e9211c5c1dd,G0000309,5694,2023-03-01T01:04:41Z,GBP,1,shipped,0,50.0
026411a0ec6d5e9211c5c1dd,G0000001,5695,2023-03-09T08:02:03Z,GBP,5,delivered,0,50.0
cf6411a0ec6d5e9211c5c1dc,G0000478,5696,2023-02-22T03:00:07Z,GBP,3,shipped,0,50.0
d66411a0ec6d5e9211c5c1dc,G0000309,5697,2023-01-20T10:33:49Z,GBP,4,processing,0,50.0
156411a0ec6d5e9211c5c1de,G0000001,5698,2023-01-20T17:19:25Z,GBP,2,processing,0,50.0
846411a0ec6d5e9211c5c1db,G0000453,5699,2023-03-09T17:09:27Z,GBP,3,shipped,0,50.0
da6411a0eb6d5e9211c5c1da,G0000009,5700,2023-02-01T15:49:28Z,GBP,6,shipped,0,50.0
0b6411a0ec6d5e9211c5c1dd,G0000163,5701,2023-02-17T06:45:55Z,GBP,4,processing,0,4.0
a96411a0ec6d5e9211c5c1dc,G0000001,5702,2023-01-29T14:11:15Z,GBP,4,delivered,0,50.0
e96411a0ec6d5e9211c5c1dc,G0000435,5703,2023-03-06T04:38:12Z,GBP,4,delivered,0,50.0
896411a0ec6d5e9211c5c1db,G0000453,5704,2023-02-07T07:13:37Z,GBP,7,delivered,0,50.0
ac6411a0ec6d5e9211c5c1db,G0000309,5705,2022-12-31T05:22:19Z,GBP,1,processing,0,50.0
0d6411a0ec6d5e9211c5c1de,VEEBAlaunchbundleUK,5706,2023-02-04T03:47:10Z,GBP,1,delivered,0,27.0
156411a0ec6d5e9211c5c1dd,G0000007,5707,2023-01-17T22:11:54Z,GBP,6,processing,0,50.0
086411a0ec6d5e9211c5c1db,G0000005,5708,2023-02-02T02:17:42Z,GBP,6,delivered,0,50.0
dd6411a0ec6d5e9211c5c1db,G0000163,5709,2023-02-22T03:32:36Z,GBP,7,delivered,0,4.0
3b6411a0ec6d5e9211c5c1dd,VEEBAlaunchbundleUK,5710,2023-01-17T10:13:12Z,GBP,1,processing,0,27.0
106411a0ec6d5e9211c5c1de,G0000546,5711,2023-02-10T19:21:01Z,GBP,5,shipped,0,7.0
c06411a0ec6d5e9211c5c1dd,G0000009,5712,2023-02-08T06:34:31Z,GBP,4,shipped,0,50.0
556411a0ec6d5e9211c5c1dd,G0000898,5713,2023-01-14T23:51:57Z,GBP,4,shipped,0,29.0
856411a0ec6d5e9211c5c1dc,G0000882,5714,2023-03-05T02:36:17Z,GBP,3,delivered,0,39.0
e96411a0eb6d5e9211c5c1da,G0000898,5715,2023-03-04T07:32:37Z,GBP,5,delivered,0,29.0
446411a0ec6d5e9211c5c1db,G0000453,5716,2023-01-25T05:57:38Z,GBP,7,shipped,0,50.0
bd6411a0ec6d5e9211c5c1dc,G0000882,5717,2023-01-08T06:59:26Z,GBP,4,processing,0,39.0
8c6411a0ec6d5e9211c5c1dc,VEEBAlaunchbundleUK,5718,2023-01-04T02:42:56Z,GBP,1,processing,0,27.0
e86411a0ec6d5e9211c5c1db,G0000007,5719,2023-03-06T05:15:47Z,GBP,7,processing,0,50.0
ca6411a0ec6d5e9211c5c1db,G0000890,5720,2023-03-02T05:22:11Z,GBP,3,delivered,0,25.0
036411a0ec6d5e9211c5c1dd,VEEBAlaunchbundleUK,5721,2023-01-06T13:17:06Z,GBP,3,processing,0,27.0
936411a0ec6d5e9211c5c1dc,G0000051,5722,2023-01-30T16:41:00Z,GBP,4,delivered,0,15.0
5c6411a0ec6d5e9211c5c1dd,G0000546,5723,2023-01-13T15:54:29Z,GBP,5,processing,0,7.0
446411a0ec6d5e9211c5c1dc,G0000478,5724,2023-02-17T22:09:32Z,GBP,7,shipped,0,50.0
af6411a0ec6d5e9211c5c1db,G0000453,5725,2023-01-29T23:34:09Z,GBP,2,shipped,0,50.0
da6411a0ec6d5e9211c5c1db,G0000009,5726,2023-02-08T11:59:14Z,GBP,5,delivered,0,50.0
5e6411a0ec6d5e9211c5c1db,G0000166,5727,2023-03-11T23:21:46Z,GBP,5,processing,0,29.0
166411a0ec6d5e9211c5c1dd,G0000005,5728,2023-01-09T18:55:05Z,GBP,1,processing,0,50.0
526411a0ec6d5e9211c5c1dc,G0000453,5729,2023-03-13T10:22:50Z,GBP,3,shipped,0,50.0
146411a0ec6d5e9211c5c1db,G0000434,5730,2023-02-25T01:20:47Z,GBP,6,delivered,0,50.0
cb6411a0eb6d5e9211c5c1da,G0000051,5731,2023-02-18T02:40:50Z,GBP,1,shipped,0,15.0
566411a0ec6d5e9211c5c1dd,G0000163,5732,2023-01-25T11:45:21Z,GBP,3,processing,0,4.0
026411a0ec6d5e9211c5c1de,G0000898,5733,2023-02-21T08:17:22Z,GBP,4,shipped,0,29.0
8a6411a0ec6d5e9211c5c1dc,G0000009,5734,2023-01-23T13:18:30Z,GBP,6,delivered,0,50.0
be6411a0ec6d5e9211c5c1dc,G0000163,5735,2023-02-08T08:48:27Z,GBP,2,delivered,0,4.0
ae6411a0ec6d5e9211c5c1db,G0000163,5736,2023-01-07T17:26:26Z,GBP,1,processing,0,4.0
b36411a0eb6d5e9211c5c1da,G0000435,5737,2023-02-18T05:59:01Z,GBP,4,processing,0,50.0
fd6411a0ec6d5e9211c5c1da,G0000898,5738,2023-02-26T02:23:56Z,GBP,4,processing,0,29.0
546411a0ec6d5e9211c5c1dd,VEEBAlaunchbundleUK,5739,2023-02-28T08:50:06Z,GBP,5,shipped,0,27.0
e26411a0ec6d5e9211c5c1dd,G0000478,5740,2023-01-07T07:50:36Z,GBP,7,processing,0,50.0
5b6411a0ec6d5e9211c5c1db,G0000882,5741,2023-03-08T15:18:50Z,GBP,3,processing,0,39.0
006411a0ec6d5e9211c5c1dc,G0000051,5742,2023-01-28T13:03:44Z,GBP,2,delivered,0,15.0
a36411a0ec6d5e9211c5c1db,G0000882,5743,2023-02-04T14:23:15Z,GBP,5,shipped,0,39.0
b56411a0ec6d5e9211c5c1db,VEEBAlaunchbundleUK,5744,2023-02-07T16:13:47Z,GBP,2,processing,0,27.0
136411a0ec6d5e9211c5c1de,G0000166,5745,2023-01-07T07:13:01Z,GBP,5,shipped,0,29.0
f36411a0ec6d5e9211c5c1dc,G0000434,5746,2023-02-11T15:00:00Z,GBP,2,processing,0,50.0
446411a0ec6d5e9211c5c1dc,G0000166,5747,2023-01-10T02:45:15Z,GBP,2,processing,0,29.0
276411a0ec6d5e9211c5c1de,G0000450,5748,2023-01-01T20:29:10Z,GBP,2,delivered,0,50.0
926411a0ec6d5e9211c5c1dc,G0000882,5749,2023-02-10T08:39:23Z,GBP,2,processing,0,39.0
ec6411a0ec6d5e9211c5c1dc,G0000882,5750,2022-12-31T17:02:27Z,GBP,3,shipped,0,39.0
966411a0ec6d5e9211c5c1dd,G0000005,5751,2023-02-08T21:07:49Z,GBP,5,delivered,0,50.0
ac6411a0ec6d5e9211c5c1dc,G0000434,5752,2023-02-16T10:10:22Z,GBP,3,delivered,0,50.0
df6411a0ec6d5e9211c5c1dc,G0000166,5753,2023-02-07T21:19:53Z,GBP,5,shipped,0,29.0
866411a0eb6d5e9211c5c1da,G0000890,5754,2023-01-08T02:13:57Z,GBP,5,shipped,0,25.0
306411a0ec6d5e9211c5c1db,G0000009,5755,2023-02-10T05:55:56Z,GBP,5,processing,0,50.0
ce6411a0ec6d5e9211c5c1db,G0000546,5756,2023-02-08T13:36:40Z,GBP,3,processing,0,7.0
b76411a0ec6d5e9211c5c1db,G0000435,5757,2023-02-04T05:00:43Z,GBP,2,shipped,0,50.0
406411a0ec6d5e9211c5c1dd,G0000309,5758,2023-01-10T23:15:44Z,GBP,6,delivered,0,50.0
c06411a0ec6d5e9211c5c1dc,G0000131,5759,2023-03-11T20:10:03Z,GBP,3,delivered,0,9.49
2b6411a0ec6d5e9211c5c1db,G0000009,5760,2023-01-08T06:52:22Z,GBP,6,processing,0,50.0
956411a0ec6d5e9211c5c1dc,G0000882,5761,2023-01-03T08:32:51Z,GBP,7,processing,0,39.0
cb6411a0ec6d5e9211c5c1db,G0000001,5762,2023-02-16T12:17:51Z,GBP,7,shipped,0,50.0
096411a0ec6d5e9211c5c1db,G0000001,5763,2023-03-09T19:09:59Z,GBP,1,processing,0,50.0
396411a0ec6d5e9211c5c1db,G0000001,5764,2023-01-03T14:17:14Z,GBP,2,processing,0,50.0
ab6411a0eb6d5e9211c5c1da,VEEBAlaunchbundleUK,5765,2023-01-29T12:35:02Z,GBP,2,delivered,0,27.0
1a6411a0ec6d5e9211c5c1dc,G0000882,5766,2023-02-09T17:28:49Z,GBP,5,processing,0,39.0
b46411a0ec6d5e9211c5c1dc,G0000898,5767,2023-03-04T05:48:10Z,GBP,5,processing,0,29.0
ef6411a0ec6d5e9211c5c1dc,G0000890,5768,2023-02-15T04:45:51Z,GBP,5,delivered,0,25.0
156411a0ec6d5e9211c5c1dd,G0000453,5769,2023-01-02T09:00:23Z,GBP,5,shipped,0,50.0
7a6411a0ec6d5e9211c5c1dc,G0000166,5770,2023-02-19T10:26:05Z,GBP,3,delivered,0,29.0
5c6411a0ec6d5e9211c5c1dc,G0000001,5771,2023-02-10T16:42:13Z,GBP,5,processing,0,50.0
ca6411a0ec6d5e9211c5c1dc,G0000005,5772,2023-01-06T12:26:54Z,GBP,1,processing,0,50.0
cc6411a0ec6d5e9211c5c1dc,G0000478,5773,2023-02-28T13:28:00Z,GBP,2,processing,0,50.0
cf6411a0eb6d5e9211c5c1da,G0000009,5774,2023-02-11T09:01:04Z,GBP,6,processing,0,50.0
966411a0eb6d5e9211c5c1da,G0000435,5775,2023-03-07T19:59:21Z,GBP,3,delivered,0,50.0
1f6411a0ec6d5e9211c5c1dc,G0000007,5776,2023-02-06T07:58:31Z,GBP,1,shipped,0,50.0
1c6411a0ec6d5e9211c5c1dc,G0000478,5777,2023-02-01T16:13:42Z,GBP,2,shipped,0,50.0
116411a0ec6d5e9211c5c1dd,G0000051,5778,2023-01-12T14:24:54Z,GBP,5,processing,0,15.0
3d6411a0ec6d5e9211c5c1dc,G0000890,5779,2023-03-10T16:52:33Z,GBP,3,processing,0,25.0
db6411a0eb6d5e9211c5c1da,G0000453,5780,2023-02-28T15:11:44Z,GBP,5,shipped,0,50.0
216411a0ec6d5e9211c5c1de,G0000131,5781,2023-01-16T17:07:53Z,GBP,3,delivered,0,9.49
706411a0eb6d5e9211c5c1da,G0000051,5782,2023-01-11T05:15:01Z,GBP,1,processing,0,15.0
b96411a0ec6d5e9211c5c1dc,G0000478,5783,2023-01-18T11:00:53Z,GBP,2,shipped,0,50.0
b96411a0eb6d5e9211c5c1da,G0000546,5784,2023-03-03T16:24:54Z,GBP,4,shipped,0,7.0
536411a0ec6d5e9211c5c1dc,G0000009,5785,2023-03-01T06:43:18Z,GBP,2,processing,0,50.0
e06411a0ec6d5e9211c5c1dd,G0000001,5786,2023-01-31T07:26:43Z,GBP,5,delivered,0,50.0
f76411a0ec6d5e9211c5c1da,G0000450,5787,2023-03-09T14:45:05Z,GBP,4,processing,0,50.0
3d6411a0ec6d5e9211c5c1de,G0000001,5788,2023-01-29T14:15:28Z,GBP,2,delivered,0,50.0
fe6411a0ec6d5e9211c5c1dc,G0000131,5789,2023-02-22T03:25:31Z,GBP,6,processing,0,9.49
3e6411a0ec6d5e9211c5c1db,G0000882,5790,2023-03-02T05:04:11Z,GBP,5,shipped,0,39.0
a36411a0eb6d5e9211c5c1da,G0000166,5791,2023-01-12T12:31:27Z,GBP,5,delivered,0,29.0
4f6411a0ec6d5e9211c5c1dc,G0000309,5792,2023-02-13T19:03:53Z,GBP,2,delivered,0,50.0
5d6411a0ec6d5e9211c5c1db,VEEBAlaunchbundleUK,5793,2023-03-14T11:42:44Z,GBP,7,delivered,0,27.0
6f6411a0eb6d5e9211c5c1da,G0000309,5794,2023-02-22T19:40:50Z,GBP,2,shipped,0,50.0
886411a0ec6d5e9211c5c1dc,G0000166,5795,2023-01-21T23:53:05Z,GBP,5,delivered,0,29.0
026411a0ec6d5e9211c5c1de,G0000163,5796,2023-01-26T10:34:36Z,GBP,2,shipped,0,4.0
656411a0ec6d5e9211c5c1dd,G0000005,5797,2023-01-17T07:36:43Z,GBP,2,delivered,0,50.0
586411a0ec6d5e9211c5c1db,G0000309,5798,2023-03-05T20:09:08Z,GBP,1,shipped,0,50.0
ca6411a0ec6d5e9211c5c1dc,G0000163,5799,2023-01-18T22:10:27Z,GBP,4,delivered,0,4.0
e96411a0ec6d5e9211c5c1dc,G0000163,5800,2023-02-04T18:01:02Z,GBP,4,delivered,0,4.0
7e6411a0ec6d5e9211c5c1dd,G0000166,5801,2023-02-08T08:31:45Z,GBP,2,processing,0,29.0
956411a0eb6d5e9211c5c1da,G0000163,5802,2023-01-24T23:20:33Z,GBP,7,shipped,0,4.0
b76411a0ec6d5e9211c5c1db,G0000309,5803,2023-03-11T21:35:20Z,GBP,4,shipped,0,50.0
fc6411a0ec6d5e9211c5c1da,G0000163,5804,2023-02-10T09:20:20Z,GBP,6,processing,0,4.0
b36411a0ec6d5e9211c5c1db,G0000005,5805,2023-02-11T19:13:27Z,GBP,4,shipped,0,50.0
376411a0ec6d5e9211c5c1dc,G0000450,5806,2023-03-02T08:54:54Z,GBP,6,shipped,0,50.0
7b6411a0eb6d5e9211c5c1da,G0000051,5807,2023-01-21T01:04:16Z,GBP,6,shipped,0,15.0
756411a0ec6d5e9211c5c1dd,G0000890,5808,2023-03-11T11:19:27Z,GBP,3,delivered,0,25.0
826411a0ec6d5e9211c5c1dc,G0000546,5809,2023-02-10T17:13:32Z,GBP,7,shipped,0,7.0
c06411a0ec6d5e9211c5c1dd,G0000450,5810,2023-01-01T11:55:37Z,GBP,7,processing,0,50.0
e26411a0ec6d5e9211c5c1dc,G0000051,5811,2023-01-16T15:06:19Z,GBP,7,processing,0,15.0
fc6411a0ec6d5e9211c5c1dd,G0000478,5812,2023-01-13T17:21:14Z,GBP,2,delivered,0,50.0
126411a0ec6d5e9211c5c1de,G0000007,5813,2023-03-03T09:40:59Z,GBP,4,processing,0,50.0
d66411a0eb6d5e9211c5c1da,VEEBAlaunchbundleUK,5814,2022-12-31T01:00:35Z,GBP,2,processing,0,27.0
f96411a0ec6d5e9211c5c1db,G0000450,5815,2023-02-24T12:42:53Z,GBP,7,processing,0,50.0
2d6411a0ec6d5e9211c5c1db,G0000001,5816,2023-02-25T19:54:17Z,GBP,1,processing,0,50.0
4e6411a0ec6d5e9211c5c1dc,G0000163,5817,2023-01-19T21:36:46Z,GBP,4,shipped,0,4.0
446411a0ec6d5e9211c5c1dc,G0000001,5818,2023-02-16T08:11:26Z,GBP,3,shipped,0,50.0
566411a0ec6d5e9211c5c1dc,G0000166,5819,2023-02-16T08:03:52Z,GBP,2,shipped,0,29.0
596411a0ec6d5e9211c5c1dc,G0000453,5820,2023-02-02T03:17:02Z,GBP,4,processing,0,50.0
396411a0ec6d5e9211c5c1dd,G0000051,5821,2023-02-22T15:21:14Z,GBP,2,delivered,0,15.0
816411a0ec6d5e9211c5c1dc,VEEBAlaunchbundleUK,5822,2023-01-10T03:03:05Z,GBP,2,processing,0,27.0
136411a0ec6d5e9211c5c1de,G0000450,5823,2023-02-04T21:05:34Z,GBP,4,processing,0,50.0
1b6411a0ec6d5e9211c5c1db,G0000309,5824,2023-01-05T10:40:42Z,GBP,4,delivered,0,50.0
5e6411a0ec6d5e9211c5c1dc,G0000434,5825,2023-01-01T16:07:30Z,GBP,6,delivered,0,50.0
8e6411a0ec6d5e9211c5c1dd,G0000007,5826,2023-01-13T12:33:37Z,GBP,2,delivered,0,50.0
ec6411a0ec6d5e9211c5c1dc,G0000009,5827,2023-01-18T04:14:35Z,GBP,6,delivered,0,50.0
cc6411a0ec6d5e9211c5c1dd,G0000453,5828,2023-02-04T17:46:25Z,GBP,7,shipped,0,50.0
996411a0eb6d5e9211c5c1da,G0000890,5829,2023-02-01T08:58:35Z,GBP,6,delivered,0,25.0
1c6411a0ec6d5e9211c5c1dd,G0000001,5830,2023-01-28T00:53:38Z,GBP,3,delivered,0,50.0
086411a0ec6d5e9211c5c1de,G0000890,5831,2023-02-19T13:05:11Z,GBP,6,processing,0,25.0
406411a0ec6d5e9211c5c1dd,G0000009,5832,2023-02-01T15:55:52Z,GBP,4,processing,0,50.0
f96411a0ec6d5e9211c5c1dc,G0000009,5833,2023-01-24T20:08:09Z,GBP,2,processing,0,50.0
656411a0ec6d5e9211c5c1dd,G0000007,5834,2023-02-11T07:43:54Z,GBP,1,shipped,0,50.0
a56411a0ec6d5e9211c5c1dc,G0000450,5835,2023-03-10T05:32:12Z,GBP,4,processing,0,50.0
ba6411a0ec6d5e9211c5c1dc,G0000898,5836,2023-01-25T00:56:15Z,GBP,7,delivered,0,29.0
466411a0ec6d5e9211c5c1dc,G0000001,5837,2023-01-09T16:06:11Z,GBP,5,processing,0,50.0
006411a0ec6d5e9211c5c1dd,G0000007,5838,2023-02-06T16:45:31Z,GBP,1,shipped,0,50.0
df6411a0eb6d5e9211c5c1da,VEEBAlaunchbundleUK,5839,2023-02-18T21:02:04Z,GBP,3,delivered,0,27.0
646411a0ec6d5e9211c5c1db,G0000434,5840,2023-02-21T21:54:50Z,GBP,5,delivered,0,50.0
966411a0eb6d5e9211c5c1da,G0000546,5841,2023-02-27T12:08:31Z,GBP,4,processing,0,7.0
1a6411a0ec6d5e9211c5c1dd,G0000009,5842,2023-01-11T20:05:59Z,GBP,4,shipped,0,50.0
8e6411a0ec6d5e9211c5c1dd,G0000001,5843,2023-01-13T23:41:09Z,GBP,2,processing,0,50.0
026411a0ec6d5e9211c5c1de,G0000453,5844,2023-03-03T11:30:58Z,GBP,2,delivered,0,50.0
946411a0ec6d5e9211c5c1dd,G0000309,5845,2023-01-13T16:31:21Z,GBP,4,processing,0,50.0
546411a0ec6d5e9211c5c1dd,G0000051,5846,2023-01-22T03:38:43Z,GBP,6,shipped,0,15.0
2b6411a0ec6d5e9211c5c1de,G0000163,5847,2023-02-22T00:46:51Z,GBP,3,processing,0,4.0
4f6411a0ec6d5e9211c5c1de,G0000309,5848,2023-02-11T14:17:11Z,GBP,4,shipped,0,50.0
746411a0eb6d5e9211c5c1da,VEEBAlaunchbundleUK,5849,2023-02-22T08:45:32Z,GBP,4,shipped,0,27.0
2b6411a0ec6d5e9211c5c1db,G0000435,5850,2023-01-25T19:56:38Z,GBP,3,delivered,0,50.0
8c6411a0eb6d5e9211c5c1da,G0000166,5851,2023-02-25T13:38:45Z,GBP,2,shipped,0,29.0
076411a0ec6d5e9211c5c1dc,G0000309,5852,2023-02-27T20:12:54Z,GBP,4,shipped,0,50.0
b16411a0ec6d5e9211c5c1db,G0000882,5853,2023-02-23T03:49:36Z,GBP,3,delivered,0,39.0
b46411a0ec6d5e9211c5c1dd,G0000166,5854,2023-02-05T15:37:06Z,GBP,2,processing,0,29.0
526411a0ec6d5e9211c5c1dc,G0000131,5855,2023-02-25T04:24:34Z,GBP,3,delivered,0,9.49
0a6411a0ec6d5e9211c5c1de,G0000898,5856,2023-02-04T03:17:58Z,GBP,7,shipped,0,29.0
456411a0ec6d5e9211c5c1dc,G0000882,5857,2023-02-12T07:13:48Z,GBP,7,shipped,0,39.0
326411a0ec6d5e9211c5c1db,G0000450,5858,2023-03-11T19:18:10Z,GBP,1,processing,0,50.0
ff6411a0ec6d5e9211c5c1db,G0000007,5859,2023-03-08T03:38:59Z,GBP,5,processing,0,50.0
996411a0eb6d5e9211c5c1da,G0000051,5860,2023-02-23T23:22:47Z,GBP,7,shipped,0,15.0
db6411a0ec6d5e9211c5c1db,G0000007,5861,2023-03-07T12:08:23Z,GBP,3,shipped,0,50.0
456411a0ec6d5e9211c5c1de,VEEBAlaunchbundleUK,5862,2023-01-16T10:58:45Z,GBP,7,delivered,0,27.0
db6411a0ec6d5e9211c5c1db,VEEBAlaunchbundleUK,5863,2023-02-25T05:23:01Z,GBP,1,delivered,0,27.0
4c6411a0ec6d5e9211c5c1dc,G0000890,5864,2023-01-16T23:22:04Z,GBP,5,delivered,0,25.0
db6411a0ec6d5e9211c5c1db,G0000434,5865,2023-01-25T01:12:40Z,GBP,1,shipped,0,50.0
9b6411a0ec6d5e9211c5c1dc,G0000001,5866,2023-01-26T03:55:17Z,GBP,6,shipped,0,50.0
1c6411a0ec6d5e9211c5c1de,G0000309,5867,2023-02-05T03:03:04Z,GBP,6,delivered,0,50.0
6b6411a0ec6d5e9211c5c1dd,G0000005,5868,2023-01-04T10:51:43Z,GBP,7,shipped,0,50.0
6b6411a0ec6d5e9211c5c1dd,G0000453,5869,2023-03-05T13:05:03Z,GBP,6,shipped,0,50.0
7c6411a0eb6d5e9211c5c1da,G0000478,5870,2023-01-11T21:20:39Z,GBP,5,delivered,0,50.0
786411a0ec6d5e9211c5c1dc,G0000001,5871,2023-02-23T14:25:46Z,GBP,6,delivered,0,50.0
cb6411a0ec6d5e9211c5c1dc,G0000453,5872,2023-02-25T13:51:38Z,GBP,2,processing,0,50.0
bc6411a0ec6d5e9211c5c1dc,G0000309,5873,2023-02-03T20:48:48Z,GBP,7,shipped,0,50.0
7f6411a0ec6d5e9211c5c1dc,G0000450,5874,2023-02-09T05:16:56Z,GBP,6,shipped,0,50.0
7b6411a0ec6d5e9211c5c1dd,G0000309,5875,2023-02-08T23:19:51Z,GBP,7,shipped,0,50.0
726411a0eb6d5e9211c5c1da,G0000163,5876,2023-02-25T07:02:33Z,GBP,6,processing,0,4.0
126411a0ec6d5e9211c5c1dc,G0000309,5877,2023-02-05T13:17:31Z,GBP,3,processing,0,50.0
d16411a0eb6d5e9211c5c1da,G0000005,5878,2023-02-23T17:53:59Z,GBP,3,delivered,0,50.0
476411a0ec6d5e9211c5c1db,G0000435,5879,2023-02-16T00:13:07Z,GBP,4,shipped,0,50.0
2d6411a0ec6d5e9211c5c1de,G0000453,5880,2023-02-24T16:13:21Z,GBP,2,shipped,0,50.0
b36411a0ec6d5e9211c5c1db,G0000163,5881,2023-01-27T12:14:05Z,GBP,1,processing,0,4.0
886411a0ec6d5e9211c5c1dd,G0000890,5882,2023-02-19T18:40:33Z,GBP,7,delivered,0,25.0
386411a0ec6d5e9211c5c1dc,G0000435,5883,2023-01-07T17:14:22Z,GBP,1,processing,0,50.0
be6411a0eb6d5e9211c5c1da,G0000434,5884,2023-02-16T08:34:47Z,GBP,3,shipped,0,50.0
b96411a0ec6d5e9211c5c1dc,G0000450,5885,2023-01-14T06:54:36Z,GBP,4,shipped,0,50.0
186411a0ec6d5e9211c5c1dc,G0000882,5886,2023-02-03T08:17:16Z,GBP,6,shipped,0,39.0
bd6411a0ec6d5e9211c5c1dc,G0000434,5887,2023-03-07T19:48:21Z,GBP,2,delivered,0,50.0
206411a0ec6d5e9211c5c1de,G0000453,5888,2023-02-14T17:01:49Z,GBP,4,processing,0,50.0
ea6411a0ec6d5e9211c5c1dd,G0000009,5889,2023-02-15T10:25:01Z,GBP,4,delivered,0,50.0
506411a0ec6d5e9211c5c1dc,G0000450,5890,2023-02-12T09:32:08Z,GBP,3,processing,0,50.0
d36411a0eb6d5e9211c5c1da,G0000450,5891,2023-02-28T09:30:26Z,GBP,5,shipped,0,50.0
d46411a0ec6d5e9211c5c1dc,G0000166,5892,2023-03-12T01:21:58Z,GBP,6,processing,0,29.0
656411a0ec6d5e9211c5c1db,G0000007,5893,2023-03-03T22:28:05Z,GBP,2,shipped,0,50.0
f96411a0ec6d5e9211c5c1dc,G0000890,5894,2023-01-29T15:06:01Z,GBP,4,processing,0,25.0
006411a0ec6d5e9211c5c1dd,G0000890,5895,2023-01-08T09:29:20Z,GBP,7,delivered,0,25.0
416411a0ec6d5e9211c5c1db,G0000478,5896,2023-03-11T20:32:59Z,GBP,6,shipped,0,50.0
b86411a0ec6d5e9211c5c1dd,G0000882,5897,2023-02-04T17:46:50Z,GBP,3,delivered,0,39.0
a76411a0ec6d5e9211c5c1db,G0000001,5898,2023-01-26T23:11:36Z,GBP,5,delivered,0,50.0
e76411a0ec6d5e9211c5c1dc,G0000001,5899,2023-01-01T21:43:15Z,GBP,4,shipped,0,50.0
426411a0ec6d5e9211c5c1dd,G0000163,5900,2023-02-13T04:44:07Z,GBP,2,processing,0,4.0
a96411a0ec6d5e9211c5c1dd,G0000009,5901,2023-01-30T11:21:59Z,GBP,7,shipped,0,50.0
656411a0ec6d5e9211c5c1dd,G0000478,5902,2023-03-09T03:45:32Z,GBP,6,shipped,0,50.0
cc6411a0ec6d5e9211c5c1dd,G0000882,5903,2023-02-08T23:38:47Z,GBP,1,shipped,0,39.0
f56411a0ec6d5e9211c5c1db,G0000898,5904,2023-02-18T13:23:40Z,GBP,2,delivered,0,29.0
db6411a0ec6d5e9211c5c1db,G0000435,5905,2023-02-25T15:35:06Z,GBP,2,delivered,0,50.0
946411a0ec6d5e9211c5c1dd,G0000435,5906,2023-02-19T20:33:30Z,GBP,7,delivered,0,50.0
0d6411a0ec6d5e9211c5c1db,G0000005,5907,2023-01-07T21:00:10Z,GBP,2,shipped,0,50.0
a66411a0ec6d5e9211c5c1db,VEEBAlaunchbundleUK,5908,2023-01-25T07:54:20Z,GBP,4,delivered,0,27.0
4f6411a0ec6d5e9211c5c1dc,G0000009,5909,2023-01-15T00:37:17Z,GBP,1,delivered,0,50.0
b46411a0eb6d5e9211c5c1da,G0000890,5910,2023-01-16T05:09:10Z,GBP,7,shipped,0,25.0
ef6411a0ec6d5e9211c5c1db,G0000882,5911,2023-02-22T04:03:01Z,GBP,5,shipped,0,39.0
dc6411a0eb6d5e9211c5c1da,G0000001,5912,2023-01-09T20:30:38Z,GBP,3,processing,0,50.0
576411a0ec6d5e9211c5c1db,G0000450,5913,2023-01-18T04:04:45Z,GBP,1,delivered,0,50.0
c96411a0eb6d5e9211c5c1da,G0000005,5914,2023-02-26T04:12:27Z,GBP,6,processing,0,50.0
6d6411a0ec6d5e9211c5c1db,G0000005,5915,2023-03-14T14:37:37Z,GBP,2,shipped,0,50.0
e56411a0ec6d5e9211c5c1dd,G0000898,5916,2023-02-14T10:10:45Z,GBP,3,processing,0,29.0
e96411a0eb6d5e9211c5c1da,G0000450,5917,2023-02-19T15:51:24Z,GBP,5,delivered,0,50.0
016411a0ec6d5e9211c5c1dc,G0000546,5918,2023-03-03T00:54:02Z,GBP,2,delivered,0,7.0
4b6411a0ec6d5e9211c5c1db,G0000898,5919,2023-02-11T20:48:35Z,GBP,5,processing,0,29.0
d46411a0ec6d5e9211c5c1dc,G0000166,5920,2023-03-11T20:30:57Z,GBP,5,processing,0,29.0
496411a0ec6d5e9211c5c1dc,G0000890,5921,2023-01-03T05:56:31Z,GBP,5,delivered,0,25.0
516411a0ec6d5e9211c5c1de,G0000001,5922,2023-02-25T15:26:35Z,GBP,6,shipped,0,50.0
176411a0ec6d5e9211c5c1dc,G0000309,5923,2023-03-11T13:45:04Z,GBP,7,delivered,0,50.0
b56411a0ec6d5e9211c5c1db,G0000051,5924,2023-02-03T00:40:51Z,GBP,2,delivered,0,15.0
0b6411a0ec6d5e9211c5c1db,G0000009,5925,2023-01-10T19:15:32Z,GBP,1,processing,0,50.0
f16411a0ec6d5e9211c5c1dd,G0000435,5926,2023-01-18T03:32:24Z,GBP,1,processing,0,50.0
7d6411a0eb6d5e9211c5c1da,G0000309,5927,2023-01-19T08:40:51Z,GBP,6,delivered,0,50.0
106411a0ec6d5e9211c5c1dc,G0000450,5928,2022-12-31T08:57:48Z,GBP,4,processing,0,50.0
8b6411a0eb6d5e9211c5c1da,G0000435,5929,2023-01-05T00:16:44Z,GBP,5,processing,0,50.0
166411a0ec6d5e9211c5c1dc,G0000890,5930,2023-01-10T11:17:03Z,GBP,3,delivered,0,25.0
176411a0ec6d5e9211c5c1db,G0000007,5931,2023-01-12T02:10:37Z,GBP,7,processing,0,50.0
116411a0ec6d5e9211c5c1dc,G0000546,5932,2023-01-03T09:27:45Z,GBP,4,delivered,0,7.0
ef6411a0ec6d5e9211c5c1dc,G0000898,5933,2023-02-26T16:14:33Z,GBP,3,delivered,0,29.0
066411a0ec6d5e9211c5c1dd,G0000001,5934,2023-02-05T07:57:33Z,GBP,7,delivered,0,50.0
f96411a0ec6d5e9211c5c1da,VEEBAlaunchbundleUK,5935,2023-01-08T09:29:59Z,GBP,4,shipped,0,27.0
ff6411a0ec6d5e9211c5c1dc,G0000434,5936,2023-01-26T23:06:53Z,GBP,1,shipped,0,50.0
6e6411a0ec6d5e9211c5c1dc,G0000434,5937,2023-01-13T21:17:35Z,GBP,7,delivered,0,50.0
f46411a0ec6d5e9211c5c1dd,G0000009,5938,2023-02-06T01:37:04Z,GBP,6,processing,0,50.0
806411a0ec6d5e9211c5c1dc,G0000435,5939,2023-02-28T05:52:43Z,GBP,5,shipped,0,50.0
bc6411a0ec6d5e9211c5c1db,G0000051,5940,2023-02-07T11:13:06Z,GBP,2,delivered,0,15.0
de6411a0ec6d5e9211c5c1dd,G0000546,5941,2023-01-18T10:33:40Z,GBP,2,processing,0,7.0
ac6411a0ec6d5e9211c5c1dd,G0000478,5942,2023-02-18T18:46:15Z,GBP,5,processing,0,50.0
036411a0ec6d5e9211c5c1dc,G0000007,5943,2023-01-24T17:32:30Z,GBP,2,shipped,0,50.0
896411a0eb6d5e9211c5c1da,G0000309,5944,2023-03-03T15:56:59Z,GBP,7,processing,0,50.0
b26411a0ec6d5e9211c5c1dd,G0000007,5945,2023-03-06T08:25:14Z,GBP,7,processing,0,50.0
3b6411a0ec6d5e9211c5c1dc,G0000546,5946,2023-03-06T13:49:29Z,GBP,2,processing,0,7.0
416411a0ec6d5e9211c5c1de,G0000453,5947,2023-01-18T05:24:35Z,GBP,4,delivered,0,50.0
636411a0ec6d5e9211c5c1dd,G0000131,5948,2023-02-02T18:23:14Z,GBP,1,shipped,0,9.49
7a6411a0ec6d5e9211c5c1dd,G0000478,5949,2023-01-19T00:00:38Z,GBP,6,delivered,0,50.0
3b6411a0ec6d5e9211c5c1db,G0000898,5950,2023-03-08T05:41:22Z,GBP,4,processing,0,29.0
ac6411a0ec6d5e9211c5c1db,VEEBAlaunchbundleUK,5951,2023-01-22T06:08:13Z,GBP,3,processing,0,27.0
a96411a0ec6d5e9211c5c1db,G0000166,5952,2023-03-03T08:48:29Z,GBP,3,processing,0,29.0
316411a0ec6d5e9211c5c1de,G0000450,5953,2023-02-27T00:59:00Z,GBP,2,delivered,0,50.0
5b6411a0ec6d5e9211c5c1db,G0000898,5954,2023-01-19T10:07:00Z,GBP,6,processing,0,29.0
d26411a0eb6d5e9211c5c1da,G0000007,5955,2023-03-12T04:33:41Z,GBP,3,shipped,0,50.0
5e6411a0ec6d5e9211c5c1db,G0000435,5956,2023-01-01T09:31:03Z,GBP,3,delivered,0,50.0
126411a0ec6d5e9211c5c1db,G0000434,5957,2023-02-09T01:39:30Z,GBP,1,shipped,0,50.0
ce6411a0ec6d5e9211c5c1dd,G0000005,5958,2023-02-05T16:33:07Z,GBP,5,processing,0,50.0
196411a0ec6d5e9211c5c1dc,G0000450,5959,2023-02-19T07:10:00Z,GBP,4,processing,0,50.0
de6411a0eb6d5e9211c5c1da,G0000478,5960,2023-01-11T22:53:41Z,GBP,6,delivered,0,50.0
0a6411a0ec6d5e9211c5c1dc,G0000051,5961,2023-02-20T20:58:39Z,GBP,7,delivered,0,15.0
426411a0ec6d5e9211c5c1dc,G0000882,5962,2023-01-25T06:58:16Z,GBP,6,shipped,0,39.0
426411a0ec6d5e9211c5c1dc,G0000882,5963,2023-03-05T04:27:28Z,GBP,5,processing,0,39.0
176411a0ec6d5e9211c5c1dc,G0000890,5964,2023-01-30T19:14:03Z,GBP,6,processing,0,25.0
a26411a0eb6d5e9211c5c1da,G0000163,5965,2023-03-09T03:51:56Z,GBP,6,shipped,0,4.0
bf6411a0eb6d5e9211c5c1da,G0000007,5966,2023-01-26T09:14:25Z,GBP,6,delivered,0,50.0
996411a0ec6d5e9211c5c1dc,G0000546,5967,2023-01-13T17:24:34Z,GBP,5,delivered,0,7.0
8e6411a0ec6d5e9211c5c1db,G0000898,5968,2023-02-23T14:57:15Z,GBP,1,shipped,0,29.0
ac6411a0eb6d5e9211c5c1da,G0000005,5969,2023-01-08T18:10:24Z,GBP,6,processing,0,50.0
0f6411a0ec6d5e9211c5c1db,G0000435,5970,2023-01-15T05:16:52Z,GBP,3,processing,0,50.0
576411a0ec6d5e9211c5c1dc,G0000166,5971,2023-02-10T18:43:27Z,GBP,3,processing,0,29.0
706411a0ec6d5e9211c5c1dd,G0000450,5972,2023-01-23T08:23:58Z,GBP,6,delivered,0,50.0
fb6411a0ec6d5e9211c5c1da,G0000131,5973,2023-02-19T07:22:32Z,GBP,2,shipped,0,9.49
376411a0ec6d5e9211c5c1dd,G0000001,5974,2023-03-12T02:26:03Z,GBP,2,processing,0,50.0
c26411a0ec6d5e9211c5c1dc,G0000007,5975,2023-02-05T00:18:20Z,GBP,6,shipped,0,50.0
676411a0ec6d5e9211c5c1dc,G0000450,5976,2023-01-29T15:01:30Z,GBP,1,shipped,0,50.0
6a6411a0ec6d5e9211c5c1dc,G0000163,5977,2023-02-09T00:53:20Z,GBP,2,shipped,0,4.0
436411a0ec6d5e9211c5c1db,G0000166,5978,2023-02-12T10:22:51Z,GBP,2,shipped,0,29.0
0f6411a0ec6d5e9211c5c1db,G0000546,5979,2023-01-06T21:56:45Z,GBP,7,processing,0,7.0
6e6411a0ec6d5e9211c5c1db,G0000890,5980,2023-02-14T11:01:30Z,GBP,2,delivered,0,25.0
0c6411a0ec6d5e9211c5c1dc,G0000007,5981,2023-02-07T05:52:01Z,GBP,5,delivered,0,50.0
cb6411a0ec6d5e9211c5c1dd,G0000478,5982,2023-01-05T16:02:42Z,GBP,7,shipped,0,50.0
116411a0ec6d5e9211c5c1dc,G0000898,5983,2023-02-05T14:35:24Z,GBP,5,delivered,0,29.0
556411a0ec6d5e9211c5c1dd,G0000001,5984,2023-02-13T09:48:59Z,GBP,6,delivered,0,50.0
a76411a0eb6d5e9211c5c1da,G0000898,5985,2023-03-01T15:01:26Z,GBP,2,processing,0,29.0
096411a0ec6d5e9211c5c1db,G0000005,5986,2023-02-08T21:00:14Z,GBP,3,processing,0,50.0
086411a0ec6d5e9211c5c1dd,G0000166,5987,2023-03-02T14:38:52Z,GBP,2,processing,0,29.0
d06411a0ec6d5e9211c5c1db,G0000546,5988,2023-03-01T10:57:16Z,GBP,7,delivered,0,7.0
a26411a0ec6d5e9211c5c1dd,G0000453,5989,2023-01-06T02:05:20Z,GBP,3,processing,0,50.0
a46411a0ec6d5e9211c5c1dd,G0000009,5990,2023-03-01T12:31:53Z,GBP,6,delivered,0,50.0
1d6411a0ec6d5e9211c5c1dc,G0000435,5991,2023-02-28T02:15:53Z,GBP,4,delivered,0,50.0
096411a0ec6d5e9211c5c1db,G0000434,5992,2023-03-06T16:58:49Z,GBP,3,delivered,0,50.0
c06411a0ec6d5e9211c5c1dd,VEEBAlaunchbundleUK,5993,2023-03-01T15:57:37Z,GBP,2,delivered,0,27.0
af6411a0eb6d5e9211c5c1da,G0000882,5994,2023-03-02T01:41:49Z,GBP,1,delivered,0,39.0
ad6411a0ec6d5e9211c5c1db,G0000166,5995,2023-02-02T10:22:44Z,GBP,6,shipped,0,29.0
a76411a0eb6d5e9211c5c1da,G0000005,5996,2023-03-12T08:46:55Z,GBP,7,processing,0,50.0
cb6411a0ec6d5e9211c5c1dc,G0000131,5997,2023-02-22T02:43:46Z,GBP,5,delivered,0,9.49
e36411a0ec6d5e9211c5c1dc,G0000001,5998,2023-01-05T21:07:31Z,GBP,1,processing,0,50.0
586411a0ec6d5e9211c5c1db,G0000450,5999,2023-03-06T20:46:33Z,GBP,2,delivered,0,50.0
6e6411a0ec6d5e9211c5c1db,G0000890,6000,2023-01-09T23:02:22Z,GBP,1,processing,0,25.0
6c6411a0ec6d5e9211c5c1dd,G0000478,6001,2023-01-25T17:06:40Z,GBP,3,shipped,0,50.0
166411a0ec6d5e9211c5c1db,G0000009,6002,2023-01-28T16:38:14Z,GBP,1,processing,0,50.0
856411a0ec6d5e9211c5c1db,G0000478,6003,2023-02-02T19:54:04Z,GBP,4,delivered,0,50.0
e16411a0eb6d5e9211c5c1da,G0000005,6004,2023-01-11T17:40:36Z,GBP,3,processing,0,50.0
